CLIENT_HANDSHAKE_TRAFFIC_SECRET 3813ebf67670bd5f96c4c8a9edebc56fed325e936b1aee58c1a526ed861af36e 5635df2e2141fc00d72d0bf705311233f306d022c632a1ea831575e13b70eee9
SERVER_HANDSHAKE_TRAFFIC_SECRET 3813ebf67670bd5f96c4c8a9edebc56fed325e936b1aee58c1a526ed861af36e 4b406ab1436f4f6e31ffee68b005730a6d8abd17f3af4509c3ab6a5d9bbaef64
CLIENT_TRAFFIC_SECRET_0 3813ebf67670bd5f96c4c8a9edebc56fed325e936b1aee58c1a526ed861af36e 2b321327103e9349f4475b0104a546bd035239cf4b9a2be1e9200b1efa9d754a
SERVER_TRAFFIC_SECRET_0 3813ebf67670bd5f96c4c8a9edebc56fed325e936b1aee58c1a526ed861af36e 229794a15de913ddcc4b8961f615169ca1558116fbd9e6becaf7c1a0b8c764bd
EXPORTER_SECRET 3813ebf67670bd5f96c4c8a9edebc56fed325e936b1aee58c1a526ed861af36e e8f606bb61fe43812741a5991940293c5aac1aa871ffce3bba39c500bb31250e
CLIENT_HANDSHAKE_TRAFFIC_SECRET 0225da1b2adc268e973536bd154290cb186a09161b9bcde1afdb4316e743fdf2 16f83e206569a9faac28b05b6f5c7dcc2fb9967fc9e7a769f611c51893a31d80bb8f4b2070273e0335727c91aeb22686
SERVER_HANDSHAKE_TRAFFIC_SECRET 0225da1b2adc268e973536bd154290cb186a09161b9bcde1afdb4316e743fdf2 7f25506e66d2991d5300a27a05867394d1ec9affb4df37d6964c30de6fe3c1fe447de92577412ea0894bf54a961d238e
CLIENT_HANDSHAKE_TRAFFIC_SECRET c846da6b4b87726ef42b4f69daba780dce1f10fde9d43436d4f972de05509259 5a2390e058092740854c78b684514b46f4e364220c8ef22fabd3ead3d3a821c10a109458fe1faae81f8b636aa3e413e8
SERVER_HANDSHAKE_TRAFFIC_SECRET c846da6b4b87726ef42b4f69daba780dce1f10fde9d43436d4f972de05509259 1171351cf9b6c37586450a2a5a33f4ab5ff4f094a811a14c22180f293ea497e3c368246a82d0cc373e12ab34580b99aa
CLIENT_TRAFFIC_SECRET_0 c846da6b4b87726ef42b4f69daba780dce1f10fde9d43436d4f972de05509259 4299da4840aa973d18fb47f6e71eec26819a627c39c22fd5c71be3163d3d9dae060e2a54f0d5b74ad3aad453b2422805
SERVER_TRAFFIC_SECRET_0 c846da6b4b87726ef42b4f69daba780dce1f10fde9d43436d4f972de05509259 c6e166cd8848e77e95b072ef60061f37e68dad5f03ce7fe660d2df5d9ab95324bfe777aa82a0053f193edfb870096bcb
EXPORTER_SECRET c846da6b4b87726ef42b4f69daba780dce1f10fde9d43436d4f972de05509259 bb32c1d6235d623cde6250d9fc7109db72030153de7958256f2d9523c000754b08f8c823df495515eb6501a8021f390e
CLIENT_HANDSHAKE_TRAFFIC_SECRET a7d6465483d77b58b2045fd22a7c80728c2bc1702d5db106610011141e6d2b1c 88a3cb2a5b6fded49342beab68a3a091ad7efc087768c830398b74550b37a7cd637c344f3c65f1a84beafd52414722e7
SERVER_HANDSHAKE_TRAFFIC_SECRET a7d6465483d77b58b2045fd22a7c80728c2bc1702d5db106610011141e6d2b1c c5232e7bf16b775de2cf506e4d47505d021a09de05bdfe149a550b7680665b1c365beffbc115c329836b3331aca27252
CLIENT_HANDSHAKE_TRAFFIC_SECRET 1018a29b78ccc6cc1c1bfe178f07f464886825aa4d9100ce9269efa1f0ecb4ab c621691dbe19b4de7062113022e03d3082ee9b512a8b49ccd7d3a95abf86e9bc0e65723afa0a8a390bf84fdac3333056
SERVER_HANDSHAKE_TRAFFIC_SECRET 1018a29b78ccc6cc1c1bfe178f07f464886825aa4d9100ce9269efa1f0ecb4ab 48dbc68197adb7a5d7c9a651e47d47e6479d1fe7a241efb7553faae2c3a222f7f749ea4d6a8b215c90147e0b99b54210
CLIENT_HANDSHAKE_TRAFFIC_SECRET 1029a1a6cca80e309ecfa0e5cb470a65abf19ae6ec7e91f8096c296af0a25bf0 2361b1c26f2b924291bac1a7f50e76a6b88c470d5f0ad3cc0df6112d76a17f6c84b15749a69a5c8e34c5b5ef88f9fef2
SERVER_HANDSHAKE_TRAFFIC_SECRET 1029a1a6cca80e309ecfa0e5cb470a65abf19ae6ec7e91f8096c296af0a25bf0 2160b438513fcc22c8e877922ed987c1f94f0816922d984b2b61cc6fa9f918019510c29372f4c0b961132ac9b340e939
CLIENT_HANDSHAKE_TRAFFIC_SECRET 781ff2a8f1c9a3eb16af67b217ed02777921324396e95bdc60b6f178d61c6e75 a8a0d51e4e1046543b638c30ad374a926ea9ce3f120c377ea2c27533cf924867516a842417eac270248b91370d6d48ae
SERVER_HANDSHAKE_TRAFFIC_SECRET 781ff2a8f1c9a3eb16af67b217ed02777921324396e95bdc60b6f178d61c6e75 86d667b246887208816022c5a7e014ed9109e0fd1b84b2b21ecbbed8f72e79066b9a3db46512a0f21458964c2d7373a0
CLIENT_TRAFFIC_SECRET_0 781ff2a8f1c9a3eb16af67b217ed02777921324396e95bdc60b6f178d61c6e75 66a0736acf46bb203bf28d59f2289f4dec82e3e9f5d426b63e793ae9529d21e7fa91700e83b3d23d59b9c51962a26601
SERVER_TRAFFIC_SECRET_0 781ff2a8f1c9a3eb16af67b217ed02777921324396e95bdc60b6f178d61c6e75 058fc67ea817f91cdd13fbe5d84ebe6b3c9d0c9369b0905259d4ce2edfefd0b52133e29ac1ceb602990584019ee6406f
EXPORTER_SECRET 781ff2a8f1c9a3eb16af67b217ed02777921324396e95bdc60b6f178d61c6e75 46b217f859fc60028edd6ff70ec2c841360792cd737553b4140642a3d391aa5cde5e8551573191c8d63c522473268663
CLIENT_HANDSHAKE_TRAFFIC_SECRET 36544e331a30fc61c46600a2c51868bf3cdb2abaf0dd38bb1c9c0e3d8760a71b 9a11a1e5b39f1a4fb1789e1396f820530d8aa97ba979edea8c89a741413ad2c83063d999fc42c0aff6af7befebb15564
SERVER_HANDSHAKE_TRAFFIC_SECRET 36544e331a30fc61c46600a2c51868bf3cdb2abaf0dd38bb1c9c0e3d8760a71b fb04a0722d59a360014aed3a7dc452366dc01fc35667923190a308300c1c05c39602b5192ff7b7d79f0bcd516c474f29
CLIENT_TRAFFIC_SECRET_0 36544e331a30fc61c46600a2c51868bf3cdb2abaf0dd38bb1c9c0e3d8760a71b 9d035494dea23f5209beef9c8de883373378ffc3cf3c50ad0263666c852de9cee6a0d702cff7f74f15fdda7e58432ed9
SERVER_TRAFFIC_SECRET_0 36544e331a30fc61c46600a2c51868bf3cdb2abaf0dd38bb1c9c0e3d8760a71b 91d2f37b3d3c8884aa7bb9020a49900e85dad2e8f114a1a9dff37c5fcb90fc3ebaf6e39f43f2ef8848fd7652fd5dad01
EXPORTER_SECRET 36544e331a30fc61c46600a2c51868bf3cdb2abaf0dd38bb1c9c0e3d8760a71b cc7ec313c3fa1840674ef9eacef90203010d076dcdcfad69c1109ae515085d2cb8ebd8117980e8983228b6617b803ae2
CLIENT_HANDSHAKE_TRAFFIC_SECRET 03425954b381e5a967547b485a444708bfbcdce072f66be0253b8b65b76dd8db a0452e790990e9bf6bf7c1d13a3142b274fe1b77537f9dfc99fd76a7d9f5a95353c5bf2f84649223383e79776cd2dadd
SERVER_HANDSHAKE_TRAFFIC_SECRET 03425954b381e5a967547b485a444708bfbcdce072f66be0253b8b65b76dd8db 129e86d9a43c20c36df7439920fde234d2bf1d0cc9bc12177d491f3ee21e2045d36ed4c5892038e9ae9f3e1da89b9cbc
CLIENT_TRAFFIC_SECRET_0 03425954b381e5a967547b485a444708bfbcdce072f66be0253b8b65b76dd8db 16318abaa89bf76d2a83a7565a548925e05e88272f269217ae8be15ef315e525f4612efd1556d91295c8c8c3e3786279
SERVER_TRAFFIC_SECRET_0 03425954b381e5a967547b485a444708bfbcdce072f66be0253b8b65b76dd8db 2b7fe15a9d044174952eadbfa85a9bb156ea6147d9b579cc824211e0047eaf46750cdc2374a23b17bc068b113a83c425
EXPORTER_SECRET 03425954b381e5a967547b485a444708bfbcdce072f66be0253b8b65b76dd8db be9897485a3e0d0bc464abca4a8e98e66d23f53a1b3570cb5c731b5859642a407a7374d84e1a4349351cefdfed0f1a8f
CLIENT_HANDSHAKE_TRAFFIC_SECRET a178c80582e5097057cdfe93d35fcff13611c3d967c00d5238a3403876294bc0 be96514d0fe767eec6418de3842961ff5017dadaa8396b6abd4b819740653c87
SERVER_HANDSHAKE_TRAFFIC_SECRET a178c80582e5097057cdfe93d35fcff13611c3d967c00d5238a3403876294bc0 faaadcc5de063aa52f7a423d46f9dffb6989c06496ff5df254bfc260b681dd1f
CLIENT_TRAFFIC_SECRET_0 a178c80582e5097057cdfe93d35fcff13611c3d967c00d5238a3403876294bc0 6b078d7d0874d592ba25ce03b735500bb13cff779105e6dba3da5d0c14ce2f65
SERVER_TRAFFIC_SECRET_0 a178c80582e5097057cdfe93d35fcff13611c3d967c00d5238a3403876294bc0 313c0aac295369f8987846ba3e6df53fb310128162fdeacbccaaa6409f04481f
EXPORTER_SECRET a178c80582e5097057cdfe93d35fcff13611c3d967c00d5238a3403876294bc0 296191dcef226ceb6ac0fc9f28609603c258a7ae490b82366413a8cdaf3e2dcf
CLIENT_HANDSHAKE_TRAFFIC_SECRET b626bd152fe6b8e6065f630862f25e7de9e4448816b4c83d59f596cc084cc15c 044407c7f97a1493f202302d2dd970cf697ae5b1184bc3e2486bbbc8ab742d6c
SERVER_HANDSHAKE_TRAFFIC_SECRET b626bd152fe6b8e6065f630862f25e7de9e4448816b4c83d59f596cc084cc15c 2c13a6e6d81357cd63c750fa41a6ffc691bcc7041370b1c834cc31d2df95392e
CLIENT_TRAFFIC_SECRET_0 b626bd152fe6b8e6065f630862f25e7de9e4448816b4c83d59f596cc084cc15c 7e857fc6c19410095180adde4fb834ad176920d12cfdca0c0bb62be1838d12da
SERVER_TRAFFIC_SECRET_0 b626bd152fe6b8e6065f630862f25e7de9e4448816b4c83d59f596cc084cc15c 83504f435b548278bd801d520e8a03289e2b1e9be61ab99ee4ab168aa0b4e645
EXPORTER_SECRET b626bd152fe6b8e6065f630862f25e7de9e4448816b4c83d59f596cc084cc15c 24c32baaddfe6a6cf12945cd332dfb928bb53740305b17e2a3c06c0995a575fc
CLIENT_HANDSHAKE_TRAFFIC_SECRET f3aeb39a9307922223ad1f44a6be09f06527e3f9c3048831f158a31796df295b 76278fac1d92e747482d58c776e2ee44e60756fcb265a5ecdbcd0356040c8646
SERVER_HANDSHAKE_TRAFFIC_SECRET f3aeb39a9307922223ad1f44a6be09f06527e3f9c3048831f158a31796df295b c96b17b94f2b96d01eb95747bc68432925029e543a46604f7ab0277eef935742
CLIENT_TRAFFIC_SECRET_0 f3aeb39a9307922223ad1f44a6be09f06527e3f9c3048831f158a31796df295b 76baafc5efdcd4b924336644d6a122d7c653a15041e5f5fc97a27580ca5cb2f4
SERVER_TRAFFIC_SECRET_0 f3aeb39a9307922223ad1f44a6be09f06527e3f9c3048831f158a31796df295b ede4ca03aab4f014aca18b90e1c5086361351ea3719c9b4e34a9d609c4b02caa
EXPORTER_SECRET f3aeb39a9307922223ad1f44a6be09f06527e3f9c3048831f158a31796df295b 90a40ec270cb4479cd6ea275597e239c0774bab8f0f796181bd6db767509d826
CLIENT_HANDSHAKE_TRAFFIC_SECRET 83988cb877715ede8f38c62b0869e261364423bfa9de54ef61c79ff0aa20f031 5bb4f10c735b765ebc34cd5c1a4eaf9e841067aa0dcb5f516f6085ece082f33c
SERVER_HANDSHAKE_TRAFFIC_SECRET 83988cb877715ede8f38c62b0869e261364423bfa9de54ef61c79ff0aa20f031 eb5022b6e7510ac9c490dfabae3630a8f31956cdeeda9de97c6ec7945da4368e
CLIENT_TRAFFIC_SECRET_0 83988cb877715ede8f38c62b0869e261364423bfa9de54ef61c79ff0aa20f031 b05541678ffaa9dad40ff9c323bd0f4bd971228f6a514c32922d0e73d5bd14cd
SERVER_TRAFFIC_SECRET_0 83988cb877715ede8f38c62b0869e261364423bfa9de54ef61c79ff0aa20f031 b8b3fa97e9153558e1aa3b3131a341d2db10d2c820386174961a6d3f7f8762da
EXPORTER_SECRET 83988cb877715ede8f38c62b0869e261364423bfa9de54ef61c79ff0aa20f031 d745128b83873d3be928d0812d359914e843d5d903a5c010720df1a368053d0f
CLIENT_HANDSHAKE_TRAFFIC_SECRET 102fce09d892709951e557c813724c767482884a63c4dedc14a48af700d74838 5e4fe3d137d904af145179d283acffb3a903641506acdfab592c941933a73a90
SERVER_HANDSHAKE_TRAFFIC_SECRET 102fce09d892709951e557c813724c767482884a63c4dedc14a48af700d74838 94e0347733adcd431410add4b467cd15452534f29c149b1c2bcc9d9714c9b7f9
CLIENT_TRAFFIC_SECRET_0 102fce09d892709951e557c813724c767482884a63c4dedc14a48af700d74838 4100273de449ed2ce546f7e29bb3bbbb532f89f849312ed9adfb2a9ab130f367
SERVER_TRAFFIC_SECRET_0 102fce09d892709951e557c813724c767482884a63c4dedc14a48af700d74838 f22f8e440dc12dd6abf97c7ee5df7d8b513db3f23bd1c01beda12eff6bdeae71
EXPORTER_SECRET 102fce09d892709951e557c813724c767482884a63c4dedc14a48af700d74838 4afbc345bda96583f16171a26795ccc9f3e4e4b52082a34ab1448e9b9f4259d6
CLIENT_HANDSHAKE_TRAFFIC_SECRET b93dab7ce7536faf479619502f73fc174d111e86230bd5d1fbc4c62bdd3d936c 5618322fa6e87e2c40311f521410dcf7ed2f99990edfebb282c8f97dd3218509
SERVER_HANDSHAKE_TRAFFIC_SECRET b93dab7ce7536faf479619502f73fc174d111e86230bd5d1fbc4c62bdd3d936c 5421aaedb85955002c0ccb936a77c03ac169670831f2784aba666707431517ca
CLIENT_TRAFFIC_SECRET_0 b93dab7ce7536faf479619502f73fc174d111e86230bd5d1fbc4c62bdd3d936c da9c4c1cee518dc778fc5d80b5e044d85cbdff1100cd827f9e609226ad7e6427
SERVER_TRAFFIC_SECRET_0 b93dab7ce7536faf479619502f73fc174d111e86230bd5d1fbc4c62bdd3d936c bdc4f66d1467df9e4b8368111b5e66fc4b7585fe59fd04d79da13a77869f2a78
EXPORTER_SECRET b93dab7ce7536faf479619502f73fc174d111e86230bd5d1fbc4c62bdd3d936c e0ac92f7e11b23067dc8f4e9cb21261fa8a7023c5cbb27045423cd7dde553cae
CLIENT_HANDSHAKE_TRAFFIC_SECRET 5f1f0f7ed65c718e7637fc2826611f89947c6cba1806934fa45af542d6230ab1 c99d8e67b1173a85467793d7946eb7037d844846325a207bbc3164aae71d474d
SERVER_HANDSHAKE_TRAFFIC_SECRET 5f1f0f7ed65c718e7637fc2826611f89947c6cba1806934fa45af542d6230ab1 1ad2de968001bb61f3446ff9e150b9862c131abd70533c5369379cbb3a3085bc
CLIENT_TRAFFIC_SECRET_0 5f1f0f7ed65c718e7637fc2826611f89947c6cba1806934fa45af542d6230ab1 b3c4e9b01f2e68ce435e2d95992e14e55a9e7996610b36cb2b7155e15e097346
SERVER_TRAFFIC_SECRET_0 5f1f0f7ed65c718e7637fc2826611f89947c6cba1806934fa45af542d6230ab1 7ce48d95e0d15e5a3f06b995e4136bd8a32891cb4a7f00c7df013567bced4863
EXPORTER_SECRET 5f1f0f7ed65c718e7637fc2826611f89947c6cba1806934fa45af542d6230ab1 730ce572a14109d5789e14da5972853905e2ea246d0db8f95ad5baee30319aa5
CLIENT_HANDSHAKE_TRAFFIC_SECRET 77d8b615b2f79ec56ba417c4c4cf59bacfbfce7257127092560d1492e02edbfe 72515954564e8526b50215a895fd6bf935f8d9325eabecac1e42f065d395e6b8
SERVER_HANDSHAKE_TRAFFIC_SECRET 77d8b615b2f79ec56ba417c4c4cf59bacfbfce7257127092560d1492e02edbfe a28866b8a3bd37997ef719425c6fb29909298d79a174f6d1af4d6f4b0d9c25e8
CLIENT_TRAFFIC_SECRET_0 77d8b615b2f79ec56ba417c4c4cf59bacfbfce7257127092560d1492e02edbfe 1fa4a1d9af08ceecf67c5a957a2ca5eb308cfdd7e9e5578f9ba1a4ff1ad3a4cc
SERVER_TRAFFIC_SECRET_0 77d8b615b2f79ec56ba417c4c4cf59bacfbfce7257127092560d1492e02edbfe 6b629db50cd3b198bf0be1742f56cfd44050af8a7e4a109061083b97b6f15338
EXPORTER_SECRET 77d8b615b2f79ec56ba417c4c4cf59bacfbfce7257127092560d1492e02edbfe 13a22261ce154b70c3f32a69530198b58d089b78ccd38eafa675feff1d240a3d
CLIENT_HANDSHAKE_TRAFFIC_SECRET aa88a871d01d7df1a21c61de54ba52da8c96a492a9f6226696f7486d6c8c47b5 e9e5bd73ae35be9ae79e4b72e65af96237a76e63ea0e9a00b33a1e3e9b40e982
SERVER_HANDSHAKE_TRAFFIC_SECRET aa88a871d01d7df1a21c61de54ba52da8c96a492a9f6226696f7486d6c8c47b5 5c896a4b3423e4ae87651b751cc8748031d0a40318cad6f45bd1d667f6b2a5b5
CLIENT_TRAFFIC_SECRET_0 aa88a871d01d7df1a21c61de54ba52da8c96a492a9f6226696f7486d6c8c47b5 4869302ced379d7addd2c606c228a35e53deafd34aaeb0e399958f10415b9c97
SERVER_TRAFFIC_SECRET_0 aa88a871d01d7df1a21c61de54ba52da8c96a492a9f6226696f7486d6c8c47b5 4e1d64511fa269e8228f9953fecb231896522cc6803597a3ada715c3c3b718a5
EXPORTER_SECRET aa88a871d01d7df1a21c61de54ba52da8c96a492a9f6226696f7486d6c8c47b5 2ab4c7563e0900c59526f45f7f7d3953d94aba196210a257e06e585b5042d5ed
CLIENT_EARLY_TRAFFIC_SECRET defe68f84f54c69a493529de0905640a5a7def93195723d04aef8244611f4fba 967e5ae4519a4c45834c9ac2c8d00404047bcdfca72488695bb1209d2decc732
CLIENT_HANDSHAKE_TRAFFIC_SECRET defe68f84f54c69a493529de0905640a5a7def93195723d04aef8244611f4fba 6659207a873cfffacc18e6398b765e19d87d79ab1cbc2582c248f260ef959bb8
SERVER_HANDSHAKE_TRAFFIC_SECRET defe68f84f54c69a493529de0905640a5a7def93195723d04aef8244611f4fba 136b0208482a12dec93b6dc181f793b5cae2532d4e8814b58a5446b4b39822ef
CLIENT_TRAFFIC_SECRET_0 defe68f84f54c69a493529de0905640a5a7def93195723d04aef8244611f4fba 5bbc4926e6ecbff1e9085b997beaf5c10dd13f3154b232194e9fe42106594ec3
SERVER_TRAFFIC_SECRET_0 defe68f84f54c69a493529de0905640a5a7def93195723d04aef8244611f4fba 3a76dc7e32c201f61d95c38d94dff184597b023ac8ac9c44e9801410a345994e
EXPORTER_SECRET defe68f84f54c69a493529de0905640a5a7def93195723d04aef8244611f4fba e515892061ef666d2160396efb13f0d48c74e604728e8322724f6ca8ca039312
CLIENT_HANDSHAKE_TRAFFIC_SECRET 8d48de867f4f0b8a25d29c7bba3960f015fac373c28e5b4fb215be7cfea70a08 c42d78403f754e29d1b411cf57ce71e23a40975f1d0263a0d93f3950f1f93031
SERVER_HANDSHAKE_TRAFFIC_SECRET 8d48de867f4f0b8a25d29c7bba3960f015fac373c28e5b4fb215be7cfea70a08 0e1c0868ccd0218b74b165e8d4d68f94d6b679aac0171b0d27035a07a09e7b48
CLIENT_TRAFFIC_SECRET_0 8d48de867f4f0b8a25d29c7bba3960f015fac373c28e5b4fb215be7cfea70a08 5fa080b99376510b91e983be4b267caceb263f570df6489b15e51ea8430737b0
SERVER_TRAFFIC_SECRET_0 8d48de867f4f0b8a25d29c7bba3960f015fac373c28e5b4fb215be7cfea70a08 2459d17cfeda424d0105663dc442afe75c5722a31bd8c7ae99ff664bdb4924b1
EXPORTER_SECRET 8d48de867f4f0b8a25d29c7bba3960f015fac373c28e5b4fb215be7cfea70a08 9531ecc1f0e7af6a8bbd8fe621774c85962bc3ac926f5acbbc4040775a152cb2
CLIENT_HANDSHAKE_TRAFFIC_SECRET df2875f0a7671edb2e2712e1443a460fb14766aad93f48b0ddbcb2e89a4718d5 edef43d4e53e304a193746357e81b99bf366710858394fdfdc6c5627a9f6705b
SERVER_HANDSHAKE_TRAFFIC_SECRET df2875f0a7671edb2e2712e1443a460fb14766aad93f48b0ddbcb2e89a4718d5 a0a920543968dc5186b11f099e6debae235c03c86b948c027550f79812784f4d
CLIENT_TRAFFIC_SECRET_0 df2875f0a7671edb2e2712e1443a460fb14766aad93f48b0ddbcb2e89a4718d5 c3b29a9c90e00e0d31c64539b225475b219711c783bf37bac8aca2da1d25f9e1
SERVER_TRAFFIC_SECRET_0 df2875f0a7671edb2e2712e1443a460fb14766aad93f48b0ddbcb2e89a4718d5 b39dd42685db58ea80db4fb5b44d66a1266a5daef3f882dd6d0556d92788dc3f
EXPORTER_SECRET df2875f0a7671edb2e2712e1443a460fb14766aad93f48b0ddbcb2e89a4718d5 971ed20c99a6ef41d85f993bf88a4c5fef7f035f47149f9150434690d112ac2f
CLIENT_HANDSHAKE_TRAFFIC_SECRET 7579a45069570fe33209ca7e8c526b4802eed781c2bd7fa236f05d63ba59ad7c 00fe5819f0f13905a0249f4a10760bd4e9efc0275a53562951c54ae15814ed4d
SERVER_HANDSHAKE_TRAFFIC_SECRET 7579a45069570fe33209ca7e8c526b4802eed781c2bd7fa236f05d63ba59ad7c 19d170b5cc4a31467a8f13ec0e3d38037e4a8d148dd1c2503d5886179cb1f24e
CLIENT_HANDSHAKE_TRAFFIC_SECRET 00635716f7af55140d6f998be220a8f4271147275be8e7bb85fefde640550dd3 2758b24da8c4bda3a532b497ac0b0d30c99737cf8b93c0b28bc6bb34ecb08bff
SERVER_HANDSHAKE_TRAFFIC_SECRET 00635716f7af55140d6f998be220a8f4271147275be8e7bb85fefde640550dd3 ae90a7c42ecff8e7fe058fc1aa6959b0fa9dfa0a4dd587509cd483ca4fe28336
CLIENT_HANDSHAKE_TRAFFIC_SECRET a019fc22368136f5079ac0d8282c2559d4b55f6e20d297e2fa54a63c35cb7aee 97dc9acf8829356f462d0f57c3ccf7a676577a543c303f67c1180d01768c4363
SERVER_HANDSHAKE_TRAFFIC_SECRET a019fc22368136f5079ac0d8282c2559d4b55f6e20d297e2fa54a63c35cb7aee 7f6af500f53b415ac5a8285f905a070b8597840b1e237137023c2c4fe0b68b70
CLIENT_TRAFFIC_SECRET_0 7579a45069570fe33209ca7e8c526b4802eed781c2bd7fa236f05d63ba59ad7c 3ab82651eefd827b25fe79cc8bafaf6a1e0936fafdc00c7e1e4c712e78164026
SERVER_TRAFFIC_SECRET_0 7579a45069570fe33209ca7e8c526b4802eed781c2bd7fa236f05d63ba59ad7c 8c31f0736df97eafe2c31eff0d0615d08ce1b0ebbfad79177c975d297bd46eab
EXPORTER_SECRET 7579a45069570fe33209ca7e8c526b4802eed781c2bd7fa236f05d63ba59ad7c 93a14389943c3001793037f6d99cf284ce8e977e1e391d46c629bf69b465c831
CLIENT_TRAFFIC_SECRET_0 00635716f7af55140d6f998be220a8f4271147275be8e7bb85fefde640550dd3 f0858132587e4513f334bc1ac62e34e8169120d8aec3873922ead65b869bcfdf
SERVER_TRAFFIC_SECRET_0 00635716f7af55140d6f998be220a8f4271147275be8e7bb85fefde640550dd3 022a7af72909ce8cc4e2d47b5394a816d832b3ca4f429bb84cfb77f9cea3862d
EXPORTER_SECRET 00635716f7af55140d6f998be220a8f4271147275be8e7bb85fefde640550dd3 80e6c0748672d0bc20227e0618bad23cfac8689affb28b0c744825d12d438b78
CLIENT_TRAFFIC_SECRET_0 a019fc22368136f5079ac0d8282c2559d4b55f6e20d297e2fa54a63c35cb7aee 8dfadab417fcbff1809eff0b0f750a3a8e977348e80b04ba612cf83dc79c59cf
SERVER_TRAFFIC_SECRET_0 a019fc22368136f5079ac0d8282c2559d4b55f6e20d297e2fa54a63c35cb7aee 30d4bd18915b28fcb634b928e02ee2be340029e4ac72345c50b9756fb3dcd721
EXPORTER_SECRET a019fc22368136f5079ac0d8282c2559d4b55f6e20d297e2fa54a63c35cb7aee 720b50447c25c17635d9ded088c0ede9e4584f1efc134b504790c1a1920be94a
CLIENT_HANDSHAKE_TRAFFIC_SECRET f61ac8ceb2577435f34ba44e85134165c20a1e9689f138438b26c9363c0cd544 be2482d9849f343a519021db57dd4e1dd85a8609e0c2fc5a11d928f9d28e1c0e
SERVER_HANDSHAKE_TRAFFIC_SECRET f61ac8ceb2577435f34ba44e85134165c20a1e9689f138438b26c9363c0cd544 3b27a1ec93253edadf5f75f1d691a08dda5ca655418354d73ebd4c03449346c8
CLIENT_TRAFFIC_SECRET_0 f61ac8ceb2577435f34ba44e85134165c20a1e9689f138438b26c9363c0cd544 013c82def7d6a583dd32ba6aca0f0f9445b1fd025babb28a91782812105ad2a2
SERVER_TRAFFIC_SECRET_0 f61ac8ceb2577435f34ba44e85134165c20a1e9689f138438b26c9363c0cd544 c78ac8adb5014788cd234849e1537f4720d76f23c534890aca2387f3f954ace9
EXPORTER_SECRET f61ac8ceb2577435f34ba44e85134165c20a1e9689f138438b26c9363c0cd544 3e63d3e3e6b388f9de85ce786c2515a895f1baef296fe20de8d3f93dae461122
CLIENT_HANDSHAKE_TRAFFIC_SECRET 6f69d6a4e8d90b32b69d9101ac3943e2060a4214e569a0ff8bcf1cf8c0918a34 6fd7a6711c9c90668a7e640cc7b6428e3dfa710c938c6371d4aadc2fda729f26
SERVER_HANDSHAKE_TRAFFIC_SECRET 6f69d6a4e8d90b32b69d9101ac3943e2060a4214e569a0ff8bcf1cf8c0918a34 1b202cc2d89a8f4435f4887f269439a699250bc5812fadd1b2013c5e7fe8cde1
CLIENT_TRAFFIC_SECRET_0 6f69d6a4e8d90b32b69d9101ac3943e2060a4214e569a0ff8bcf1cf8c0918a34 950b2683033b6ce4bbea685099babbf47543146c44f6d56e872784e9e2cac891
SERVER_TRAFFIC_SECRET_0 6f69d6a4e8d90b32b69d9101ac3943e2060a4214e569a0ff8bcf1cf8c0918a34 99264b3bb8d0964d913c3842f1108518b11ed58c95acae70735b17769908b424
EXPORTER_SECRET 6f69d6a4e8d90b32b69d9101ac3943e2060a4214e569a0ff8bcf1cf8c0918a34 c98495fc7555437fab1f3282475544be48ded0b246a8d76c09af22cfe4d1960e
CLIENT_HANDSHAKE_TRAFFIC_SECRET e64ff0ebf30073fb903dedf16408a5c6d4395804da3dfcdd1500f4f2e399a43f 0da94fe01a6d5fbf594253f7f4803bb0eb6c758a6b725aac8b0ed80d9f11ff35
SERVER_HANDSHAKE_TRAFFIC_SECRET e64ff0ebf30073fb903dedf16408a5c6d4395804da3dfcdd1500f4f2e399a43f 9baef06ff80f8676cb6c9604f652099218d21d2d16c2bcfbaf2241addeba4b85
CLIENT_TRAFFIC_SECRET_0 e64ff0ebf30073fb903dedf16408a5c6d4395804da3dfcdd1500f4f2e399a43f 030e58bbb4a633477d8cda6a8428ea272bf82f9a46064cd94e9009974352f8e7
SERVER_TRAFFIC_SECRET_0 e64ff0ebf30073fb903dedf16408a5c6d4395804da3dfcdd1500f4f2e399a43f c77331968195ba01d58fb8b5cd3dca8f6962a531c9ccaafb4c80abfb38b0a3a0
EXPORTER_SECRET e64ff0ebf30073fb903dedf16408a5c6d4395804da3dfcdd1500f4f2e399a43f eea0f1b8317453f834836fb85b92f2cf9f17d789dd737c6e11facf473d114c71
CLIENT_HANDSHAKE_TRAFFIC_SECRET 12a26018f9b8c0024d9179ea96cad1409f6f6c7132b2c154fe1ecadd5582cc62 1c4f1734c758e08bb5b72a15f0d87ba9cae00eb436821f596166af3d18a25a68
SERVER_HANDSHAKE_TRAFFIC_SECRET 12a26018f9b8c0024d9179ea96cad1409f6f6c7132b2c154fe1ecadd5582cc62 d6756d1ede3ed5a3aa89c4a6de1570bd5383c1953cddca6ff91325fa5cc97a2c
CLIENT_TRAFFIC_SECRET_0 12a26018f9b8c0024d9179ea96cad1409f6f6c7132b2c154fe1ecadd5582cc62 a7ebd1f106eb8079215f973a4201092b1d47da8120123c452f458ed501c6325f
SERVER_TRAFFIC_SECRET_0 12a26018f9b8c0024d9179ea96cad1409f6f6c7132b2c154fe1ecadd5582cc62 970ded7b4e1644d0b6bc72b193ad48ce22ffb35f5f9f80804d92fa35edec8cb4
EXPORTER_SECRET 12a26018f9b8c0024d9179ea96cad1409f6f6c7132b2c154fe1ecadd5582cc62 79c84e10f082f91847989dfd95894a18e52632e259958f708ce9f46b79af95f8
CLIENT_EARLY_TRAFFIC_SECRET 6676b181e144e9ead54396fa73d5fd39299a6624b0088fee025fe36bb5e1a855 934b322e021cb4d29ee5ef81d91956d22b258104cd54c452abcbd62648d4bce1
CLIENT_HANDSHAKE_TRAFFIC_SECRET 6676b181e144e9ead54396fa73d5fd39299a6624b0088fee025fe36bb5e1a855 7a694607de789dc5bc2338cffee5ad215fd0ce0e2ebdbe267ed543b36cc2e33a
SERVER_HANDSHAKE_TRAFFIC_SECRET 6676b181e144e9ead54396fa73d5fd39299a6624b0088fee025fe36bb5e1a855 649ec6abfc94839ad727a53796a1b20017357ac952e09c6e93ffde64da997490
CLIENT_TRAFFIC_SECRET_0 6676b181e144e9ead54396fa73d5fd39299a6624b0088fee025fe36bb5e1a855 f92675c48af67f9effb93506778580f8714d9737b1dcae6594587cce43cf0643
SERVER_TRAFFIC_SECRET_0 6676b181e144e9ead54396fa73d5fd39299a6624b0088fee025fe36bb5e1a855 754c8e5c4f9defb3796a2ce0ced28ff2fd3a2e8f614da0ed3472005a8d5c678e
EXPORTER_SECRET 6676b181e144e9ead54396fa73d5fd39299a6624b0088fee025fe36bb5e1a855 9a7ce713a072a148bfb61018a05c68cf21a4c586fd9094c6327f9efeb8ad7171
CLIENT_EARLY_TRAFFIC_SECRET 5d22fe3cf23fff2dc985fcbe5b1e5e4c80be4695f92be5ef2992b06d2bc7cf49 efffe802fffee553723d8324909c68feba755444d8845091046ecf3ab1381ceb
CLIENT_HANDSHAKE_TRAFFIC_SECRET 5d22fe3cf23fff2dc985fcbe5b1e5e4c80be4695f92be5ef2992b06d2bc7cf49 4ecd07077610a2cbfdd36a35b7926b70a5e2bf6ddf488c31bcef0974de07b339
SERVER_HANDSHAKE_TRAFFIC_SECRET 5d22fe3cf23fff2dc985fcbe5b1e5e4c80be4695f92be5ef2992b06d2bc7cf49 611176951b32bdbfa70f4e3a188e4733281a56886ac864900baa353a9905b20b
CLIENT_TRAFFIC_SECRET_0 5d22fe3cf23fff2dc985fcbe5b1e5e4c80be4695f92be5ef2992b06d2bc7cf49 b57de0bbf507767b089da511c9be9be0651374d05632660027299ff0668a5697
SERVER_TRAFFIC_SECRET_0 5d22fe3cf23fff2dc985fcbe5b1e5e4c80be4695f92be5ef2992b06d2bc7cf49 5d8dc97b0dde917218808959b651dbc01c24ec4a646647996ef6718862fffe39
EXPORTER_SECRET 5d22fe3cf23fff2dc985fcbe5b1e5e4c80be4695f92be5ef2992b06d2bc7cf49 c56745bf5c425e05357514bd6996738fce5407362f6f5b1cb40f1061c648e948
CLIENT_HANDSHAKE_TRAFFIC_SECRET af8f8129ad3c662a57914b07980dd3938e4c1347e81a5d5926263db69bbc1e14 b8d30a52433db18b2ddb7cd2eac8b8b4b3e6829f37b194b8027e11d98c1310e3
SERVER_HANDSHAKE_TRAFFIC_SECRET af8f8129ad3c662a57914b07980dd3938e4c1347e81a5d5926263db69bbc1e14 ee6c74ba8d3be23387d774fa76f7838a5d0f428aae066a5d06f4a1c727e314fb
CLIENT_TRAFFIC_SECRET_0 af8f8129ad3c662a57914b07980dd3938e4c1347e81a5d5926263db69bbc1e14 2851254eb16d45d4cbe4ac0ef156d74ea66b1db08e08fae73c714c1a9538707a
SERVER_TRAFFIC_SECRET_0 af8f8129ad3c662a57914b07980dd3938e4c1347e81a5d5926263db69bbc1e14 e59d3d244acc8afdf66045c33348a389144059bc97ff020df162dcd44f7bd31c
EXPORTER_SECRET af8f8129ad3c662a57914b07980dd3938e4c1347e81a5d5926263db69bbc1e14 87908ee0b655be0786e43ef7ca62b7a4a15e2a4031c264a358e71644281e6d82
CLIENT_HANDSHAKE_TRAFFIC_SECRET b49303aa83d7ddc5492ce8ef46c6bd4526c7aa0000a653d40c701bc02cd2400c bf564a7504d0ac200dffb6df164adc2e9aac787d610530a46396cdfa07c39640
SERVER_HANDSHAKE_TRAFFIC_SECRET b49303aa83d7ddc5492ce8ef46c6bd4526c7aa0000a653d40c701bc02cd2400c 5198aead1a46d5526ca6a9dec1a675661d6096172b828f8983e908ba4e9c5563
CLIENT_TRAFFIC_SECRET_0 b49303aa83d7ddc5492ce8ef46c6bd4526c7aa0000a653d40c701bc02cd2400c dc9334c02587579cae41374f44c9bfe148d0618a7ec5f51ec278664021f75025
SERVER_TRAFFIC_SECRET_0 b49303aa83d7ddc5492ce8ef46c6bd4526c7aa0000a653d40c701bc02cd2400c c54368c765a55c73d1408247b7f70b8a4e85e9fc71321177631064c22fec702a
EXPORTER_SECRET b49303aa83d7ddc5492ce8ef46c6bd4526c7aa0000a653d40c701bc02cd2400c 5660a74ec41b552b3b4c0838c1121ecbd8647a00e15e91a419b7877ad4eea624
CLIENT_HANDSHAKE_TRAFFIC_SECRET c67001513b4e78ca454fb7166a08d0999aae97e1483869c33a2309486c4afd2b ab04afc0d04a69ee73bb25e7aa6bc8dad5b79f5da06a44e00f38363143e43f49
SERVER_HANDSHAKE_TRAFFIC_SECRET c67001513b4e78ca454fb7166a08d0999aae97e1483869c33a2309486c4afd2b f1e33524bcb23e7ffa14754d742a7b7d607b61319fec733025e515e38cb5eeda
CLIENT_TRAFFIC_SECRET_0 c67001513b4e78ca454fb7166a08d0999aae97e1483869c33a2309486c4afd2b 43cd3e7f64e06522d650a8d3d039a0b10775e3a4b802e4297005b47d1811f667
SERVER_TRAFFIC_SECRET_0 c67001513b4e78ca454fb7166a08d0999aae97e1483869c33a2309486c4afd2b 864f4e61c156ae824778a171feecf35ae1b8b2305dd474af5a79fee40b279316
EXPORTER_SECRET c67001513b4e78ca454fb7166a08d0999aae97e1483869c33a2309486c4afd2b f84c45d80242883ab290d1939e1d8a3b60b144d4363d8853cc3879cee6b2f395
CLIENT_HANDSHAKE_TRAFFIC_SECRET 2f2b802255c6947a6c82c7837a00edc3d633cce56d9002799e39ad6f76a013e2 2ad7bd931b14107a751c81d928e5d2321944486b59549529b601ee9b85f2846e
SERVER_HANDSHAKE_TRAFFIC_SECRET 2f2b802255c6947a6c82c7837a00edc3d633cce56d9002799e39ad6f76a013e2 427cac84217373b42f7481642f6a48ec2014e059b3e5e5ba0b371efabc0810a9
CLIENT_TRAFFIC_SECRET_0 2f2b802255c6947a6c82c7837a00edc3d633cce56d9002799e39ad6f76a013e2 b94d9d7364f51b4e3be90c625e4cb0d8d0cbebd7bb835c0bacb698f98f0bc2e7
SERVER_TRAFFIC_SECRET_0 2f2b802255c6947a6c82c7837a00edc3d633cce56d9002799e39ad6f76a013e2 39dd4ac99ca39da868a71200681500ad28707bf20428e06193354c41bef33224
EXPORTER_SECRET 2f2b802255c6947a6c82c7837a00edc3d633cce56d9002799e39ad6f76a013e2 1e95bc5c001d9c367e03c64b1250a867e3d84371d2b3dc6608280c8fd6fa5840
CLIENT_HANDSHAKE_TRAFFIC_SECRET eca7a335ae1aa86d61969bef32c922434fc16c22bd38494ea9ce7524eaf73638 7fd9393b2208cfb3e9b5bc75ab32d70062a1b95baf364c370706e53d1d298b10
SERVER_HANDSHAKE_TRAFFIC_SECRET eca7a335ae1aa86d61969bef32c922434fc16c22bd38494ea9ce7524eaf73638 8aff304d686afb2baf1c1330f9b40786b63183e09d73a7d1c5e9e804c4c44fc1
CLIENT_TRAFFIC_SECRET_0 eca7a335ae1aa86d61969bef32c922434fc16c22bd38494ea9ce7524eaf73638 4b90dd4021437ccdc91008318db7c365d5eaf758dc31ffea6a68afd50182a0f2
SERVER_TRAFFIC_SECRET_0 eca7a335ae1aa86d61969bef32c922434fc16c22bd38494ea9ce7524eaf73638 3fc707c23cf5cb10625e43d45eeb8c76fb2528f79b26e507a59221af8a36b85f
EXPORTER_SECRET eca7a335ae1aa86d61969bef32c922434fc16c22bd38494ea9ce7524eaf73638 611cf8fa46baf805d825e867a697efe0a9ae3ae340d5c2dcdc156e944ad806f3
CLIENT_HANDSHAKE_TRAFFIC_SECRET 34d0847ed20ec6b25dbae4ba60b5e681593ab6fbcf2e7ac2b230c25217b3aa52 79d874ef6f4f003b6fc936e1d8a120d7f144d62849352611293a75422fbda51e
SERVER_HANDSHAKE_TRAFFIC_SECRET 34d0847ed20ec6b25dbae4ba60b5e681593ab6fbcf2e7ac2b230c25217b3aa52 fe101dec1ed9b2410125acfa6335a463d444e9c47323196e10da1b6090abe3c7
CLIENT_HANDSHAKE_TRAFFIC_SECRET 0b9bdc176714a811598e7ec3fb340fc46aa44dae5623e296afffa174a44a9de2 8121234d194f072448386d083df16d5087c4aee493e40ad6c617cb7797a07d97
SERVER_HANDSHAKE_TRAFFIC_SECRET 0b9bdc176714a811598e7ec3fb340fc46aa44dae5623e296afffa174a44a9de2 9d9d4251bf870d5f7db1025e97a221a3bcaeaef501fb443f31ca3cc47b3c9dea
CLIENT_HANDSHAKE_TRAFFIC_SECRET b4523a14de7ffc31dd3e88d85e5161f3998b739508759aa7a038199ec963b859 166dd98d396fe0c2c0f493996df2b563f9ccada1b36c12e8fdbda06e3737f681
SERVER_HANDSHAKE_TRAFFIC_SECRET b4523a14de7ffc31dd3e88d85e5161f3998b739508759aa7a038199ec963b859 e77b04d35156f69eb864a4ef3d77ec802f92b9f5a910404e91db5322fce78acb
CLIENT_TRAFFIC_SECRET_0 b4523a14de7ffc31dd3e88d85e5161f3998b739508759aa7a038199ec963b859 6b133733f9562a289d2bb98269baa01e1da22e52d1cc6e1349119bbf7c590ac5
SERVER_TRAFFIC_SECRET_0 b4523a14de7ffc31dd3e88d85e5161f3998b739508759aa7a038199ec963b859 1f500cad6f8745e21b48aea363f9fa49fa76abed9c8516e87f223a6d6dc12983
EXPORTER_SECRET b4523a14de7ffc31dd3e88d85e5161f3998b739508759aa7a038199ec963b859 5440614b0816b5385f4d8418dcd7568a3cd89cea9503e433d0bd38db750f3f55
CLIENT_TRAFFIC_SECRET_0 34d0847ed20ec6b25dbae4ba60b5e681593ab6fbcf2e7ac2b230c25217b3aa52 cb88a4d3cd294e0a9cd5cabedc502afc98db0e571c8f4f6f0dfcc8624b54a3e6
SERVER_TRAFFIC_SECRET_0 34d0847ed20ec6b25dbae4ba60b5e681593ab6fbcf2e7ac2b230c25217b3aa52 4ed85fff88fc2749daabe4dbeff4d8f9648b930a53d7391040adf09520576285
EXPORTER_SECRET 34d0847ed20ec6b25dbae4ba60b5e681593ab6fbcf2e7ac2b230c25217b3aa52 c39f067d4b39a17189d1dd52802a0bbd04a164f90dc20875bba93b0a93966293
CLIENT_TRAFFIC_SECRET_0 0b9bdc176714a811598e7ec3fb340fc46aa44dae5623e296afffa174a44a9de2 9d774b62869a4771b1a652fd4253c0d21156e9b7403999dbda7aca03ccbbc8d1
SERVER_TRAFFIC_SECRET_0 0b9bdc176714a811598e7ec3fb340fc46aa44dae5623e296afffa174a44a9de2 a45bf96ec0d5f9c8c98dbb1b1fd40591993e54248565f708f2334b7da575ff76
EXPORTER_SECRET 0b9bdc176714a811598e7ec3fb340fc46aa44dae5623e296afffa174a44a9de2 20001acb736721cd1b8633b8c2f5ea35912c16d4924fbcb478d399c95695af9f
CLIENT_HANDSHAKE_TRAFFIC_SECRET e050573f03b0ba30e6b4a5001805a074e6cf91d0bf62910eaad13bfbf1c79d81 16d3eafefccde03c2fa6c6b0abf00358fac6d24b188cd516472b64f36ae846a3
SERVER_HANDSHAKE_TRAFFIC_SECRET e050573f03b0ba30e6b4a5001805a074e6cf91d0bf62910eaad13bfbf1c79d81 1c7663ac45c70c05fef34bf8dfd14a52a3b63bfe73f92f671a513698cd8aea5e
CLIENT_HANDSHAKE_TRAFFIC_SECRET 2eafaa82e8d102782bfb3ab29883e00e0f96ccf06e3f8a357e2f8eea468dd161 112f8425c3668967e4dc2ae50ee37cd69a43585f6d22401cc0356012f5595eb3
SERVER_HANDSHAKE_TRAFFIC_SECRET 2eafaa82e8d102782bfb3ab29883e00e0f96ccf06e3f8a357e2f8eea468dd161 acf3f8385dd42bcfd0e7a529191f2b3215ec55040ffb588d6469389d1c7cbb49
CLIENT_TRAFFIC_SECRET_0 e050573f03b0ba30e6b4a5001805a074e6cf91d0bf62910eaad13bfbf1c79d81 009ffbb372a8d209d2669ca4378b1225e82a00b62e5380ad355ddd91ac28a608
SERVER_TRAFFIC_SECRET_0 e050573f03b0ba30e6b4a5001805a074e6cf91d0bf62910eaad13bfbf1c79d81 24060733ee74f0e3dd97a7d611bce8e8ef9830a0a235c5176a32775f376af185
EXPORTER_SECRET e050573f03b0ba30e6b4a5001805a074e6cf91d0bf62910eaad13bfbf1c79d81 f5e6d70c6e25cd024c119b2cb3f66b016ea727a81abdc35a944ede5cef706068
CLIENT_TRAFFIC_SECRET_0 2eafaa82e8d102782bfb3ab29883e00e0f96ccf06e3f8a357e2f8eea468dd161 776d47422134aa1d3760c45328083083c2ea51e81409116e3ba39769d73920f6
SERVER_TRAFFIC_SECRET_0 2eafaa82e8d102782bfb3ab29883e00e0f96ccf06e3f8a357e2f8eea468dd161 d549437c004ed0ef2e5e39b8a2f7ef3a881a1b6ee3da7d462b710cbb4e5809b5
EXPORTER_SECRET 2eafaa82e8d102782bfb3ab29883e00e0f96ccf06e3f8a357e2f8eea468dd161 50f5beed9b567106b1de5007020b1985bcf9547453498811573a1403b35f97af
CLIENT_HANDSHAKE_TRAFFIC_SECRET 5279f83c70660de5d7de7c0c3c00f701fd78e5343965d583a2f1efedae7f2f0b 88e8d77bd43ea4d0aec975c5240ec556889237e10530cf1afd333ed7123f658c
SERVER_HANDSHAKE_TRAFFIC_SECRET 5279f83c70660de5d7de7c0c3c00f701fd78e5343965d583a2f1efedae7f2f0b ccaead02e6e229d92d9a771c28def46e450d920c1cbaa75ba7f1d19c9ccf10b0
CLIENT_TRAFFIC_SECRET_0 5279f83c70660de5d7de7c0c3c00f701fd78e5343965d583a2f1efedae7f2f0b 5ef66092328b0929c800941dad56516f51745e7d5a971eb390ab41e47e2244f1
SERVER_TRAFFIC_SECRET_0 5279f83c70660de5d7de7c0c3c00f701fd78e5343965d583a2f1efedae7f2f0b 11364ca28ec28b720db44a8eeb5533b00d19a84c9150e9c90ca70dd4ba6ed431
EXPORTER_SECRET 5279f83c70660de5d7de7c0c3c00f701fd78e5343965d583a2f1efedae7f2f0b 3dc2b328d16b7524ac87e6d566e43b184fdd037826c863a09c940117c4c22ff6
CLIENT_HANDSHAKE_TRAFFIC_SECRET 7c298ed4156959a5f35141dbb99ca42ff6859eb7ed87777bfc4e6fb24cbd0b40 2eadd0aaa77d5ca8b4ff856e77666d09659d574f793eab956b78b9bf09d71f64
SERVER_HANDSHAKE_TRAFFIC_SECRET 7c298ed4156959a5f35141dbb99ca42ff6859eb7ed87777bfc4e6fb24cbd0b40 fdd39ba66d361efd21e25d2b75ffce0203e08ae9883db46be0e09d1cbdb14a7a
CLIENT_TRAFFIC_SECRET_0 7c298ed4156959a5f35141dbb99ca42ff6859eb7ed87777bfc4e6fb24cbd0b40 f8083c2748e69c4a31b29084e589a2c87c9fcd897c121ee74eaa2a80c9b8f71a
SERVER_TRAFFIC_SECRET_0 7c298ed4156959a5f35141dbb99ca42ff6859eb7ed87777bfc4e6fb24cbd0b40 892e679802910f8b97aadb2da75a9ae27cb7eee5fc0891ef960e3fc4613a5843
EXPORTER_SECRET 7c298ed4156959a5f35141dbb99ca42ff6859eb7ed87777bfc4e6fb24cbd0b40 1062656a2a19a119bffc770a8c3c068dadbd77e67dc52bde68e4661032cc9cec
CLIENT_HANDSHAKE_TRAFFIC_SECRET 4b7b1af85baf4743780699d499fdf6ed7bd3c11decd75f89f67c9720ddd644a9 667cd5676b853c2a4fef954656caf033bb92579def64fccd4326aa9c57374216
SERVER_HANDSHAKE_TRAFFIC_SECRET 4b7b1af85baf4743780699d499fdf6ed7bd3c11decd75f89f67c9720ddd644a9 8a21a1da143206b4828d614cae8da46eb64c694ef8b9140f2f4845cf681ec932
CLIENT_TRAFFIC_SECRET_0 4b7b1af85baf4743780699d499fdf6ed7bd3c11decd75f89f67c9720ddd644a9 5ec6aa86647a35c181346d668fc85215a7dee83e951748e0c342e5bdc621a6e4
SERVER_TRAFFIC_SECRET_0 4b7b1af85baf4743780699d499fdf6ed7bd3c11decd75f89f67c9720ddd644a9 2a2a62e49d1cc4efd26e1eaa30d6749be306c399cf41edcada582076f7c3505e
EXPORTER_SECRET 4b7b1af85baf4743780699d499fdf6ed7bd3c11decd75f89f67c9720ddd644a9 11964a5fdeb9753132c7dcacdb6775b73cc6b3a819ddf9595810834782139188
CLIENT_HANDSHAKE_TRAFFIC_SECRET f04002faa2a2f5a2e34b6f7a6a22618bf3acf80c0a37f3e4057594d0f796447b 37fb73eed6ac3f38b6530fdcc72c4f4417e3b1d34202e7b7def0892b20de1892
SERVER_HANDSHAKE_TRAFFIC_SECRET f04002faa2a2f5a2e34b6f7a6a22618bf3acf80c0a37f3e4057594d0f796447b f097d2464573172e7c26392393e89a8259f2a1e4b79125c2d3c9afb481d76493
CLIENT_TRAFFIC_SECRET_0 f04002faa2a2f5a2e34b6f7a6a22618bf3acf80c0a37f3e4057594d0f796447b 0a14e34f073f8c5f8e1abda8a2546a37cdc2749b9d69ea3c8b780759a00c790f
SERVER_TRAFFIC_SECRET_0 f04002faa2a2f5a2e34b6f7a6a22618bf3acf80c0a37f3e4057594d0f796447b 9d7222804bb3e12279855a3318285c770030e494ff7e2ca8de4252eab67e2ff2
EXPORTER_SECRET f04002faa2a2f5a2e34b6f7a6a22618bf3acf80c0a37f3e4057594d0f796447b 9d7d3cda76eec556e15731d733e43cd274a5d20fad4ff69cd5aeef2fdb1da510
CLIENT_HANDSHAKE_TRAFFIC_SECRET 552c425dfef26b87a80d295ac5115035bbe5c6dd1d16c96a6d25c321243141f8 affa35588daeb767c0eab1afef2eee8eeeb269f892de87810507358fce819be6
SERVER_HANDSHAKE_TRAFFIC_SECRET 552c425dfef26b87a80d295ac5115035bbe5c6dd1d16c96a6d25c321243141f8 ee18e37cccf91a1eb2c80809a8b7dc34e44bbf6fa8e841d11b1669fdb9a4ccfe
CLIENT_TRAFFIC_SECRET_0 552c425dfef26b87a80d295ac5115035bbe5c6dd1d16c96a6d25c321243141f8 a81107a3d0083f955b447ad91ee525292e502a4a578795792174626cee1a346a
SERVER_TRAFFIC_SECRET_0 552c425dfef26b87a80d295ac5115035bbe5c6dd1d16c96a6d25c321243141f8 594f5d4aa9d2780aa1c52b39788bff9a1415e72856387bf957129a4c3cde576a
EXPORTER_SECRET 552c425dfef26b87a80d295ac5115035bbe5c6dd1d16c96a6d25c321243141f8 3315db8bc68a80a3756172bfac75030588c01a821b3acf5b30287d4f68dcfa35
CLIENT_HANDSHAKE_TRAFFIC_SECRET 5ce52cc5e14c2a36a7390bf25612a9239457a6ef06f3abb264ad04686afb775c 370532cb7b0634c45f5a133a32f1130987386018adeaacdcadda20aa166f7842
SERVER_HANDSHAKE_TRAFFIC_SECRET 5ce52cc5e14c2a36a7390bf25612a9239457a6ef06f3abb264ad04686afb775c a58be6ab5fafcc0055d2a30f5ab5804ea856bacc4c3c5b4295d7c6494ecf7e69
CLIENT_TRAFFIC_SECRET_0 5ce52cc5e14c2a36a7390bf25612a9239457a6ef06f3abb264ad04686afb775c e8a5d8fe9bc6023b2eb4c59d6526dbb92c87f8bbd309b5eee6a6d64cddff6738
SERVER_TRAFFIC_SECRET_0 5ce52cc5e14c2a36a7390bf25612a9239457a6ef06f3abb264ad04686afb775c bed63ace041c212ca02ab5531089a9636ff52b0f8683f21853be347b6323cd16
EXPORTER_SECRET 5ce52cc5e14c2a36a7390bf25612a9239457a6ef06f3abb264ad04686afb775c 4081ca04eab10db536a975bbd02bab95862397d15eece123c32e6440f3d48ada
CLIENT_HANDSHAKE_TRAFFIC_SECRET 1d66315a4e724017080b5ab5bfb27d2ce80e04c2889a6560a6b2db14cb5d988c 3b9255bf669851bd4b48aa16ffc304a369374cc237eeb08a0ecd7c60eec16994
SERVER_HANDSHAKE_TRAFFIC_SECRET 1d66315a4e724017080b5ab5bfb27d2ce80e04c2889a6560a6b2db14cb5d988c a62384328869fcd9e517c91fc23a4910884c72bb937598ce56500f12b851f1ac
CLIENT_TRAFFIC_SECRET_0 1d66315a4e724017080b5ab5bfb27d2ce80e04c2889a6560a6b2db14cb5d988c f3ae4a5947e783c8c5f73791a61df35a4b85b3bb9ddb41a9e3742ac032b9ade9
SERVER_TRAFFIC_SECRET_0 1d66315a4e724017080b5ab5bfb27d2ce80e04c2889a6560a6b2db14cb5d988c 2198f73a249e7b916cc9f16b9e1faedaea3f253971e1dcc794416cb6fa6f70e9
EXPORTER_SECRET 1d66315a4e724017080b5ab5bfb27d2ce80e04c2889a6560a6b2db14cb5d988c e08a4f87ddc81ca002a1f7a83748f218d73f0b8bdedd5f309eb3d79811ed787f
CLIENT_HANDSHAKE_TRAFFIC_SECRET 89c4b7576b80a9f2cc9d6eda0585abd15ea3e21b86b56e8925392661f02b6392 f900aa0d136fd7beea6c565761b12bc36d058d822674f256590ceb1225a1cb46
SERVER_HANDSHAKE_TRAFFIC_SECRET 89c4b7576b80a9f2cc9d6eda0585abd15ea3e21b86b56e8925392661f02b6392 5dc84bbd44bb78df33d9f48d1fb477e342ca57864f1c324684c6345628b7ddd5
CLIENT_TRAFFIC_SECRET_0 89c4b7576b80a9f2cc9d6eda0585abd15ea3e21b86b56e8925392661f02b6392 b9f2476e5d230b78ac4e52aa03c170823625de8379929dd9761511ab82db5ada
SERVER_TRAFFIC_SECRET_0 89c4b7576b80a9f2cc9d6eda0585abd15ea3e21b86b56e8925392661f02b6392 e3d8f6cee478ad353cf7b8e9a35874d926308cad836769fed6460f0968ceac6b
EXPORTER_SECRET 89c4b7576b80a9f2cc9d6eda0585abd15ea3e21b86b56e8925392661f02b6392 f8d97d64c603afba014782dc4a0afe801d1963e5ef8279c76986565227cf34a2
CLIENT_HANDSHAKE_TRAFFIC_SECRET 30493c356c6270ba403fd70ff4be3e47c922e79e888317a7d9412f298ae4267d 5572c56525531f685f9b6a7fa5f9a29074b551a51cdfb7ce82511d1e4d4e068d
SERVER_HANDSHAKE_TRAFFIC_SECRET 30493c356c6270ba403fd70ff4be3e47c922e79e888317a7d9412f298ae4267d 5d056261ea9e72ce96112c8d9dd694ec63c4d8f54dee378d20b206a173d4d689
CLIENT_TRAFFIC_SECRET_0 30493c356c6270ba403fd70ff4be3e47c922e79e888317a7d9412f298ae4267d 211dbd25ac394216cd17f05402b8283961dbd2305e05db8a695609a8a9dd11cd
SERVER_TRAFFIC_SECRET_0 30493c356c6270ba403fd70ff4be3e47c922e79e888317a7d9412f298ae4267d 39a58b8c969f840dee3da576aa8b1e1bb8f1bbf3b82482e479c0b4131378c564
EXPORTER_SECRET 30493c356c6270ba403fd70ff4be3e47c922e79e888317a7d9412f298ae4267d b3c7c4701428893ebeda4e3fa89d9f630ec3b355490d0b1f62574356ee2d84ec
CLIENT_HANDSHAKE_TRAFFIC_SECRET 07d46588941279b17179ebc36d80b114b91855179b6c8fd0e2a38869e995b529 13610bd8fe3389ffa9b73b81fa11cd1476ac9d718b266777343a6a92e6009d35
SERVER_HANDSHAKE_TRAFFIC_SECRET 07d46588941279b17179ebc36d80b114b91855179b6c8fd0e2a38869e995b529 f8ed3ab6cb9500a45485d23761fad8798a4461454aa88ddf4d4273dd53ebb219
CLIENT_TRAFFIC_SECRET_0 07d46588941279b17179ebc36d80b114b91855179b6c8fd0e2a38869e995b529 5eee1b0497020b931cb75df268781a177a9d523bfbac4944f0a0917d96306c74
SERVER_TRAFFIC_SECRET_0 07d46588941279b17179ebc36d80b114b91855179b6c8fd0e2a38869e995b529 ca7d751986e3083fb795090b67f2d30622b1a6228b0de63338a2c28eab5e42fd
EXPORTER_SECRET 07d46588941279b17179ebc36d80b114b91855179b6c8fd0e2a38869e995b529 00c05e1f7d9b0d85db94b7b26b0a2d85544fa1f217121bf11be1271576ca5925
CLIENT_HANDSHAKE_TRAFFIC_SECRET 12f968503c31e9694baaaa8b47b188a0a524659af08ba6a783783b328740c88f 38cc9a351ea50919f11a2c212bd90f298e24d25668e8a34b66e5039ed50e5a3b
SERVER_HANDSHAKE_TRAFFIC_SECRET 12f968503c31e9694baaaa8b47b188a0a524659af08ba6a783783b328740c88f 181268fcab81b0268170488818839072e9337839ed413990d71841331500aaf1
CLIENT_TRAFFIC_SECRET_0 12f968503c31e9694baaaa8b47b188a0a524659af08ba6a783783b328740c88f c02fe4ebf156e9b6429127a61df046a8b8bf0ddd3c0b5daf213d5081ebfc15a9
SERVER_TRAFFIC_SECRET_0 12f968503c31e9694baaaa8b47b188a0a524659af08ba6a783783b328740c88f a520c6d40cbc019aa444617094cc40dc1ff2b3788223a227c15bb206360328ee
EXPORTER_SECRET 12f968503c31e9694baaaa8b47b188a0a524659af08ba6a783783b328740c88f ef388c9a9d180e645109e5639b148de0674e2a27a660692f08890b6c203f20e5
CLIENT_HANDSHAKE_TRAFFIC_SECRET 55882c84a9ae62119b0421dd769026fdcbe951c1080ba875567fe7a5bde6575e bc95debe65b6e34f7a9fafe7684774f769cb28dccc93ad91ba8efb6c44ea06bb
SERVER_HANDSHAKE_TRAFFIC_SECRET 55882c84a9ae62119b0421dd769026fdcbe951c1080ba875567fe7a5bde6575e f17aa4a130f91ef8f0ed8896224cb9d84b7a652ee4f41f7cd610e54fe954e1f2
CLIENT_TRAFFIC_SECRET_0 55882c84a9ae62119b0421dd769026fdcbe951c1080ba875567fe7a5bde6575e 30c49739cced01ed558afe0d47d562da1bb8b493e7c76950dc291c6512eff162
SERVER_TRAFFIC_SECRET_0 55882c84a9ae62119b0421dd769026fdcbe951c1080ba875567fe7a5bde6575e 4289654b848645cc080d20a019c75f075d08d4688904f670dfd9aaed9bb9e684
EXPORTER_SECRET 55882c84a9ae62119b0421dd769026fdcbe951c1080ba875567fe7a5bde6575e 7018ec82adf0c88e0dbff3f687eb741a2d38f5c027857cc2fa82b5abf2ac26f3
CLIENT_HANDSHAKE_TRAFFIC_SECRET 21dbb78a4404095a50565a0e5d7731f8eef6edd1fd361823a5f6fb33996ab4a0 0a269fcd1964b122b01bafef37a53100f37ef35a8d842af5e476680b26e8fbba
SERVER_HANDSHAKE_TRAFFIC_SECRET 21dbb78a4404095a50565a0e5d7731f8eef6edd1fd361823a5f6fb33996ab4a0 19d1d05274ec0de1b0d81c04d3f1f86c6b084e2b929a2f4f9e7a125031bfa5fd
CLIENT_TRAFFIC_SECRET_0 21dbb78a4404095a50565a0e5d7731f8eef6edd1fd361823a5f6fb33996ab4a0 e7ea231e6af5b8cac3933e66a1c60b0078260271a76a812f767eac59a5d23aaa
SERVER_TRAFFIC_SECRET_0 21dbb78a4404095a50565a0e5d7731f8eef6edd1fd361823a5f6fb33996ab4a0 3a68e9d5a61383c6973dfbbf5caa257625ff421865350c4e1397d435941615f9
EXPORTER_SECRET 21dbb78a4404095a50565a0e5d7731f8eef6edd1fd361823a5f6fb33996ab4a0 326d8b88331ce896394990e78ccb9672d252c33de5c01c778ebfee903ac448cd
CLIENT_HANDSHAKE_TRAFFIC_SECRET 358cf966e5bbf8b43dbc30a92b0bcd5513ca53936f2aad93c27307986234e10a 6cdfcfcd5d7d313aa2e6af3cd6559e9d9a13021ac1ce592fb98d10f83a2bf247
SERVER_HANDSHAKE_TRAFFIC_SECRET 358cf966e5bbf8b43dbc30a92b0bcd5513ca53936f2aad93c27307986234e10a fe75d8df8ea87f98118836a2d01a2a3d82fcb1cfa53845b42c73ce32843261f1
CLIENT_TRAFFIC_SECRET_0 358cf966e5bbf8b43dbc30a92b0bcd5513ca53936f2aad93c27307986234e10a 2b09b4d4dbfad45f0b67b7af03cd0e61443b1b88bc203925f4d3fc4ca3eb0519
SERVER_TRAFFIC_SECRET_0 358cf966e5bbf8b43dbc30a92b0bcd5513ca53936f2aad93c27307986234e10a cc341f3a4f805915a096e743d534aa75df54fa2660381a470b95412a904f8c65
EXPORTER_SECRET 358cf966e5bbf8b43dbc30a92b0bcd5513ca53936f2aad93c27307986234e10a c856d5e612847a0a915354d68db3980d8bbd39bda2c3494b3830cb50d61754b5
CLIENT_HANDSHAKE_TRAFFIC_SECRET b2ab3b7de95f97b81c97bd1c5205c2ca669373dff5692ae2e94ce08f719e5ecc 8ebeeb56d8b7f5f2c907138370bf855979291ed8f56c10d4226849e38c4ed47d
SERVER_HANDSHAKE_TRAFFIC_SECRET b2ab3b7de95f97b81c97bd1c5205c2ca669373dff5692ae2e94ce08f719e5ecc 6291aa5294b817371dd914bc617ba9deb851869c33c7a9e71eed7f0fed18a1bb
CLIENT_TRAFFIC_SECRET_0 b2ab3b7de95f97b81c97bd1c5205c2ca669373dff5692ae2e94ce08f719e5ecc ac7d935fa01fa22fa348fbe05588408e10245eee5c4944c26c93f44085c67f38
SERVER_TRAFFIC_SECRET_0 b2ab3b7de95f97b81c97bd1c5205c2ca669373dff5692ae2e94ce08f719e5ecc 67375bde7baaf44b9e44f554c0f64b0818a866d223ba8f1fa63bfeb35e8ea949
EXPORTER_SECRET b2ab3b7de95f97b81c97bd1c5205c2ca669373dff5692ae2e94ce08f719e5ecc 10ceccc7d647ce30c434a04ec35422ac8758fe141c60a50ec7491854ac1a0688
CLIENT_HANDSHAKE_TRAFFIC_SECRET b053a8dc107407cab058e4fa093842b31d6d1e26831f94008bb7fec377b3ee6f e35cde4774e8957c19ece71e17e8928043a669c35e7fe4994c9861fee80260e4
SERVER_HANDSHAKE_TRAFFIC_SECRET b053a8dc107407cab058e4fa093842b31d6d1e26831f94008bb7fec377b3ee6f 8093d76f4e907b2e32deb60effbc98e09f3b7867bdd35da822a2ba0c18e7927c
CLIENT_TRAFFIC_SECRET_0 b053a8dc107407cab058e4fa093842b31d6d1e26831f94008bb7fec377b3ee6f 07b2976c919f6a6f09e11f0ddc54143a669995a58fdb9a35ceb3286a6a10df83
SERVER_TRAFFIC_SECRET_0 b053a8dc107407cab058e4fa093842b31d6d1e26831f94008bb7fec377b3ee6f 57df8474957c0525a609c7f6027211f5412a4c0fa6b72fb85cdf2ca35495c871
EXPORTER_SECRET b053a8dc107407cab058e4fa093842b31d6d1e26831f94008bb7fec377b3ee6f 9c96946cfee0e7e15d2b617893b218982b19437930b4a0a2aa9098fe67445668
CLIENT_HANDSHAKE_TRAFFIC_SECRET 44963d7e044a8fe86c905587cc31fce0f7c4da7ef65677b63bc8cf232563e82c 83cb3f35c515f616c7c28a8e214e7a862a7f848057977202b20040a19b3ea2c8e51dd30617ea4442638b8efc30a20e56
SERVER_HANDSHAKE_TRAFFIC_SECRET 44963d7e044a8fe86c905587cc31fce0f7c4da7ef65677b63bc8cf232563e82c 739d35ab069b0365b4d90cbe44bf3d22f8301233b90e290fe82a9a0d00f1afed448eed2c30a261dae1313d88f5c0db8a
CLIENT_HANDSHAKE_TRAFFIC_SECRET 34c513b40413b0c7339d4caf1632a44d6ec3830cb7ad01fe5cb50c2ff0692279 026ec28a4b29fcc6ef64e6be587ee05bfb776d35906b0bf07d20333f73b1df246679cd45a36762ec84b54e5e3e459993
SERVER_HANDSHAKE_TRAFFIC_SECRET 34c513b40413b0c7339d4caf1632a44d6ec3830cb7ad01fe5cb50c2ff0692279 624f5f2eedf4ba65cc7736f9caea1213b22961e8b90fe3b36df99295ad71d59a580693e4caca78f73a7e0b3f05740135
CLIENT_TRAFFIC_SECRET_0 34c513b40413b0c7339d4caf1632a44d6ec3830cb7ad01fe5cb50c2ff0692279 ae06695f92cf3fd089777c52ac4aa6276d54bc4dbaa81d906d3d11feffcc4c96b12e6850f96fcaf62bf723aa40638287
SERVER_TRAFFIC_SECRET_0 34c513b40413b0c7339d4caf1632a44d6ec3830cb7ad01fe5cb50c2ff0692279 c5f2e179e9bddff8ca3c196396b0615f70a364cfec69e67c965737eba8a2c8b49efe81148c8bb6c01bda1d2a8a1d9f03
EXPORTER_SECRET 34c513b40413b0c7339d4caf1632a44d6ec3830cb7ad01fe5cb50c2ff0692279 831749339e004a76d76261eadc4eb055f43ba893a36d607fe5dc19a880478fbb20324627bf5faba58e082c58d8c78f24
CLIENT_HANDSHAKE_TRAFFIC_SECRET 58b66d4155363ed79160aa0dd3df252c3c3952ad01cba9e82a355ba3e9eb2601 774b3e4f661fafcdd091b537cb70f5d005310149696bc52c9f92e51ffdcd4a19
SERVER_HANDSHAKE_TRAFFIC_SECRET 58b66d4155363ed79160aa0dd3df252c3c3952ad01cba9e82a355ba3e9eb2601 6ea7c7aa01c872acce5cb42d60e6e79ae830297baba92759e591ec537e80bdf7
CLIENT_TRAFFIC_SECRET_0 58b66d4155363ed79160aa0dd3df252c3c3952ad01cba9e82a355ba3e9eb2601 c9d19e4bcbe81f2d833cf29c953b3d312a5ca6c54eb524f8a10aba921240163d
SERVER_TRAFFIC_SECRET_0 58b66d4155363ed79160aa0dd3df252c3c3952ad01cba9e82a355ba3e9eb2601 7016903adae22d6046560d2a439aa598f854da8e5634318f0ff9d8bdb17716c2
EXPORTER_SECRET 58b66d4155363ed79160aa0dd3df252c3c3952ad01cba9e82a355ba3e9eb2601 eaf1e718dac4621b735cdd7f47a86e08e7258085782d92fd358bb6e8758da3fc
CLIENT_HANDSHAKE_TRAFFIC_SECRET 1ddd0f9e5e17b5d45500aadc7dc2b169fb50ed4b8b20151f43f9a38633821326 620ab6ac9ead71fce55f7bf4e3287720f06fd377a81aa1c62cca69c5ebdcc7e5
SERVER_HANDSHAKE_TRAFFIC_SECRET 1ddd0f9e5e17b5d45500aadc7dc2b169fb50ed4b8b20151f43f9a38633821326 c7ba31b78dc68d265e34f42732314f14983d8a7e145e3390107959319a2c96aa
CLIENT_TRAFFIC_SECRET_0 1ddd0f9e5e17b5d45500aadc7dc2b169fb50ed4b8b20151f43f9a38633821326 d201596327df725a9212fae3a5d14dfa9eb7a3e991d6c40d0e0766e633f7270c
SERVER_TRAFFIC_SECRET_0 1ddd0f9e5e17b5d45500aadc7dc2b169fb50ed4b8b20151f43f9a38633821326 918a022a85a613f1a7cb70603ec65297d0f758abeabb06988b98fecbbb424545
EXPORTER_SECRET 1ddd0f9e5e17b5d45500aadc7dc2b169fb50ed4b8b20151f43f9a38633821326 ab7ad63c2fb0d20cdda449f13f352a6fd59a835cf85eea16baa7aca87245c71e
CLIENT_HANDSHAKE_TRAFFIC_SECRET 140168671f895d0ec74698ad1cb080d1d63ebf52c7ec385cc568487453098ae9 28b7e0a988a4320ecd89431bfcea49e84dec4ddb2c030b284e076e77c127efec
SERVER_HANDSHAKE_TRAFFIC_SECRET 140168671f895d0ec74698ad1cb080d1d63ebf52c7ec385cc568487453098ae9 3f11cb0ccc657d650acc6ffb3df5498c74f6b012f16af623ef9682ce33f2599b
CLIENT_TRAFFIC_SECRET_0 140168671f895d0ec74698ad1cb080d1d63ebf52c7ec385cc568487453098ae9 eeb189fd9ea93e56aa49be423c6bc649fd817c8450ac9361fcb516e9eb9abdd1
SERVER_TRAFFIC_SECRET_0 140168671f895d0ec74698ad1cb080d1d63ebf52c7ec385cc568487453098ae9 337e3ff6e5755d1bb42fca81e5f710cafaa510c5d398cababcee9264e15c0aab
EXPORTER_SECRET 140168671f895d0ec74698ad1cb080d1d63ebf52c7ec385cc568487453098ae9 85d1b40b9fa87107830a8839d04c73638413d6c37676e0ba0da11975d64bd060
CLIENT_HANDSHAKE_TRAFFIC_SECRET 99d3954554cff12b281c9f4c89afa8152e21f830368902ef75fe806a5642831d b433024e2445d9700d6c953ef3ca8de22b459edb3da17f7306bdf77e31db8f2a
SERVER_HANDSHAKE_TRAFFIC_SECRET 99d3954554cff12b281c9f4c89afa8152e21f830368902ef75fe806a5642831d a0d4a0e0197c2e1bedfab68d98373a4232d38aa48544d7213d8510b6e8449158
CLIENT_TRAFFIC_SECRET_0 99d3954554cff12b281c9f4c89afa8152e21f830368902ef75fe806a5642831d 996296cad364b3d266da9a09d39166ec44acdd5a2a30cdef10848f5e12bf7971
SERVER_TRAFFIC_SECRET_0 99d3954554cff12b281c9f4c89afa8152e21f830368902ef75fe806a5642831d 76412b27dc72cfd1b542cc07ec6272d128d9cfdf8a61ec33eca31566b0cfdfff
EXPORTER_SECRET 99d3954554cff12b281c9f4c89afa8152e21f830368902ef75fe806a5642831d 7a32f4761a142008b1a2847efcad3b945b2ed86d818eec4e11bfd8a8b057bb58
CLIENT_EARLY_TRAFFIC_SECRET c997f8eb57b3d5e999460ca7cb98709816d2406157d47318f9fe14a58ae42f01 167f65bc849055b79225ee151ddfce6cd74c8f2b13a96676e3b59d3d65ca8980
CLIENT_HANDSHAKE_TRAFFIC_SECRET c997f8eb57b3d5e999460ca7cb98709816d2406157d47318f9fe14a58ae42f01 55a15663d3458f1eb00e0824d0e2f1eb9f37a56e477b11adf502c0271790ad34
SERVER_HANDSHAKE_TRAFFIC_SECRET c997f8eb57b3d5e999460ca7cb98709816d2406157d47318f9fe14a58ae42f01 61a9048eb43e2f35051bd9dae892486f7e0064c75bc2c5893ea13e74ffe00fa4
CLIENT_TRAFFIC_SECRET_0 c997f8eb57b3d5e999460ca7cb98709816d2406157d47318f9fe14a58ae42f01 486b96f63170a4d21de7b06155aba145d755fa35e3c5fffb12e12c0f26a16a4d
SERVER_TRAFFIC_SECRET_0 c997f8eb57b3d5e999460ca7cb98709816d2406157d47318f9fe14a58ae42f01 21abc88e364d14b9efc7647f7c3f24c1c57f38096748e998e4b269a597a79a76
EXPORTER_SECRET c997f8eb57b3d5e999460ca7cb98709816d2406157d47318f9fe14a58ae42f01 ff8191dc8af22b63b83a255b80aacf0066ebab832d3d983aeb63c0ac9fc44c6e
CLIENT_EARLY_TRAFFIC_SECRET 7d2d713d1ca9a6443bfa782831c2985bfe389437ec22f1bbe736b319bf5ac328 8231eb6a11d5bb43c8422a961c739b340d03ff4f0953a38fb18c0e00c4c8d571
CLIENT_HANDSHAKE_TRAFFIC_SECRET 7d2d713d1ca9a6443bfa782831c2985bfe389437ec22f1bbe736b319bf5ac328 b8eaa2e81104da966d926802c84094d3a9af752a97ccffa520824c0802b6e682
SERVER_HANDSHAKE_TRAFFIC_SECRET 7d2d713d1ca9a6443bfa782831c2985bfe389437ec22f1bbe736b319bf5ac328 a73779c667a9daabfd173876d62c6ffd82a5f289753c78a8abddcb6145bcf4d1
CLIENT_TRAFFIC_SECRET_0 7d2d713d1ca9a6443bfa782831c2985bfe389437ec22f1bbe736b319bf5ac328 71da35c1d77557f3270fd3b6b591ac6e065d3e41fb63186c0136b3ed6ab5e21f
SERVER_TRAFFIC_SECRET_0 7d2d713d1ca9a6443bfa782831c2985bfe389437ec22f1bbe736b319bf5ac328 8fab7352702834f89edb10bfcf390098adc1eabe239007b7f55a58b3beb65a1f
EXPORTER_SECRET 7d2d713d1ca9a6443bfa782831c2985bfe389437ec22f1bbe736b319bf5ac328 1912fd858eca627aadd2711f930144c14e09c3c160f3fc66e72c34c1265bbcbd
CLIENT_HANDSHAKE_TRAFFIC_SECRET a020b84765b403c1cdc4e9c0229b2b39fd05460cf36bca3545855784368c9225 c01ece29005706ed8d70fa562cf6ca662ec9c084a3649e1bd95faf62f53bf04c
SERVER_HANDSHAKE_TRAFFIC_SECRET a020b84765b403c1cdc4e9c0229b2b39fd05460cf36bca3545855784368c9225 7046e5677fe886626490183cca36b98d97a0bf44670c1cb1696757c00032f4f2
CLIENT_TRAFFIC_SECRET_0 a020b84765b403c1cdc4e9c0229b2b39fd05460cf36bca3545855784368c9225 a8dea53868b12973f50434f7d01b1c05ecb9734dcc533c2d1f12d4fd4d53a060
SERVER_TRAFFIC_SECRET_0 a020b84765b403c1cdc4e9c0229b2b39fd05460cf36bca3545855784368c9225 228c6ed42eaecef4d63e1eed9905c22aa515fad6bfe143be9de14ff1006a8ea1
EXPORTER_SECRET a020b84765b403c1cdc4e9c0229b2b39fd05460cf36bca3545855784368c9225 2da28bec5bfa9522e3d81af7f254b0a34b17e79b70a7e29209cc3ecdb794aba3
CLIENT_HANDSHAKE_TRAFFIC_SECRET 056799825a4ebd6d192f052de4325d4c614783aa672c5e209eceb34dd8fac0df bd7fc854322c49dc8636277520d23be5f06ae9596b1b386cd31887775a63eeb6
SERVER_HANDSHAKE_TRAFFIC_SECRET 056799825a4ebd6d192f052de4325d4c614783aa672c5e209eceb34dd8fac0df b921638bb477b4523b7398252b2f92a4f7cf6c72838f379e8975dae025ddd330
CLIENT_EARLY_TRAFFIC_SECRET 46efa73f9e88b7989b4fd413b3ee0c868380d1594dc4b270f71d8b58b77d3161 c76382a055c3e0ece835d3666460bbf916bdf06ffedf04449066b842161fa3c4
CLIENT_TRAFFIC_SECRET_0 056799825a4ebd6d192f052de4325d4c614783aa672c5e209eceb34dd8fac0df ee09d62e173fef89c4e72ff95b6e9f0dc681185d88581db4601e9f1525dddde4
SERVER_TRAFFIC_SECRET_0 056799825a4ebd6d192f052de4325d4c614783aa672c5e209eceb34dd8fac0df c4b402eb02258ade2a11fbfc7176cb4852c0896482727683c3af6078c0485ad7
EXPORTER_SECRET 056799825a4ebd6d192f052de4325d4c614783aa672c5e209eceb34dd8fac0df 109a11ba34ca2a858a5f50c83dedaf813af75180d7971df8aa0d07fddfa3ecb2
CLIENT_HANDSHAKE_TRAFFIC_SECRET 46efa73f9e88b7989b4fd413b3ee0c868380d1594dc4b270f71d8b58b77d3161 3f317face5cab5399859153b0c2951ca83d3c5c6909f4148d131e7279304ec45
SERVER_HANDSHAKE_TRAFFIC_SECRET 46efa73f9e88b7989b4fd413b3ee0c868380d1594dc4b270f71d8b58b77d3161 01b84a0bc96f0733d870f000a119a026b821575497bdc635aa2d20ff881012dc
CLIENT_TRAFFIC_SECRET_0 46efa73f9e88b7989b4fd413b3ee0c868380d1594dc4b270f71d8b58b77d3161 826fd76bcf49d8e493833a863ef2fc8f7f5b9dd14aac638fa33548066a60abae
SERVER_TRAFFIC_SECRET_0 46efa73f9e88b7989b4fd413b3ee0c868380d1594dc4b270f71d8b58b77d3161 dd8edd635abb1babbba652d20616a1c8eb542c9689509ced6a62b8caa9b11532
EXPORTER_SECRET 46efa73f9e88b7989b4fd413b3ee0c868380d1594dc4b270f71d8b58b77d3161 742454941590a666e484c50c765946d170d643fbeacc1580e3e0590f89c6a700
CLIENT_HANDSHAKE_TRAFFIC_SECRET 47ffea2f2f6950cb1783b725a1a88ab0d4fe1cf1ee8a3b5f8462560c81d3e40d 1ea11ba4f0898b1392c0f7a8ccb4f4ff88ca8f194375625a8795cf76fed77513
SERVER_HANDSHAKE_TRAFFIC_SECRET 47ffea2f2f6950cb1783b725a1a88ab0d4fe1cf1ee8a3b5f8462560c81d3e40d cac525dc571ff646e2163a1af80a83054ca83029e8fa419d6ef2fa5e65f9f7eb
CLIENT_TRAFFIC_SECRET_0 47ffea2f2f6950cb1783b725a1a88ab0d4fe1cf1ee8a3b5f8462560c81d3e40d 503a0db1acc836ababf1c956a1987802e4e9fa608a8bb695c8ba89a64c76bc18
SERVER_TRAFFIC_SECRET_0 47ffea2f2f6950cb1783b725a1a88ab0d4fe1cf1ee8a3b5f8462560c81d3e40d 67519c939add4744bedc3bc787f1f5b7c8dab1270f83a0805be148124a52c5fe
EXPORTER_SECRET 47ffea2f2f6950cb1783b725a1a88ab0d4fe1cf1ee8a3b5f8462560c81d3e40d 7474f33fdea078be7e8b168f76b811eebd18b7a51142908e4b4b27f3ad6fcded
CLIENT_HANDSHAKE_TRAFFIC_SECRET 37a8b2f1acc2d210fb72ec7c50c1c0d91ee63459d913a28de8e831e21dece681 778d591a9835dad33b74e17a6a620c14afdba03c9943269d035af91a0486b06f
SERVER_HANDSHAKE_TRAFFIC_SECRET 37a8b2f1acc2d210fb72ec7c50c1c0d91ee63459d913a28de8e831e21dece681 f3fde82d571a089c79276d89ac7eb6a024cd5f9e0444e5ed1c805d8f3aa514b2
CLIENT_TRAFFIC_SECRET_0 37a8b2f1acc2d210fb72ec7c50c1c0d91ee63459d913a28de8e831e21dece681 15ff71dde89796e7c03756aa68aaf12709dda0254f4030917f4d1722721242e3
SERVER_TRAFFIC_SECRET_0 37a8b2f1acc2d210fb72ec7c50c1c0d91ee63459d913a28de8e831e21dece681 751df5cdf3068968df67c5d9cf4cfee3b0d3af989b34410507581e624dba087b
EXPORTER_SECRET 37a8b2f1acc2d210fb72ec7c50c1c0d91ee63459d913a28de8e831e21dece681 365bd817e3599c9f178bce8341f56e713e4def31a0207fc0dd3c68f87ae0d4b3
CLIENT_HANDSHAKE_TRAFFIC_SECRET b93711fd2e82b10f1d89254a73960774b5c517582b18756ed60d361b1b13b066 d93baed60ebd028f0e17bcff43f15c4706da7737472fa4afa82e4b341f85b7d7
SERVER_HANDSHAKE_TRAFFIC_SECRET b93711fd2e82b10f1d89254a73960774b5c517582b18756ed60d361b1b13b066 95954a5b2739137471100a6292704efaac915aa4cfa093f618eb30428d93bd7b
CLIENT_HANDSHAKE_TRAFFIC_SECRET 36855e84ab01e5a11207fe44b15eb09f348c808f80e887a4c974eb5e976102df 7102bafce061dc681c3fbff8b42b8c8ab17ba851b7ac275e9905cf2c6356a7fc
SERVER_HANDSHAKE_TRAFFIC_SECRET 36855e84ab01e5a11207fe44b15eb09f348c808f80e887a4c974eb5e976102df 3a6f14b6dc455bad5ed55a56d3357d5ee1d4a04299ab5319436cc6bb38043967
CLIENT_TRAFFIC_SECRET_0 b93711fd2e82b10f1d89254a73960774b5c517582b18756ed60d361b1b13b066 c725797588420fe02e1ddbc607c83d9dd5aa607817d57647884678ceb2f27b33
SERVER_TRAFFIC_SECRET_0 b93711fd2e82b10f1d89254a73960774b5c517582b18756ed60d361b1b13b066 9d8f83b5a95696c33e2dec60c414396945b92a28791db98cd8cb06f66415bfce
EXPORTER_SECRET b93711fd2e82b10f1d89254a73960774b5c517582b18756ed60d361b1b13b066 8c0b30d8d7fbdf5b5f80d86cbcc8b663660516ce183bbe250bdfe39b27f03922
CLIENT_TRAFFIC_SECRET_0 36855e84ab01e5a11207fe44b15eb09f348c808f80e887a4c974eb5e976102df 79dee5d533c3049299c01722118d7becc7e348285b0ae4362bc043822e78bfba
SERVER_TRAFFIC_SECRET_0 36855e84ab01e5a11207fe44b15eb09f348c808f80e887a4c974eb5e976102df 06d6b8a953c127798979637e010e21b6d143f666f09ed3905219ac141761adfb
EXPORTER_SECRET 36855e84ab01e5a11207fe44b15eb09f348c808f80e887a4c974eb5e976102df 54e112da907d769beaa787e3a66b35c2e20ac83c932c64cc503b4976da4fc673
CLIENT_HANDSHAKE_TRAFFIC_SECRET 8b8bf1958cac0ea01808b0d6629f75598d923ddf6a9b6d7c07cf539c722f9b72 dfaa01ee421bbcc641e5841ab289e994a772c70da6d5786e7dc9779c2da09d16
SERVER_HANDSHAKE_TRAFFIC_SECRET 8b8bf1958cac0ea01808b0d6629f75598d923ddf6a9b6d7c07cf539c722f9b72 8b25a8e2a3d1278b7b79dd6138a6cda59ed2bbe3dab77d8816ba96fab0293c4b
CLIENT_TRAFFIC_SECRET_0 8b8bf1958cac0ea01808b0d6629f75598d923ddf6a9b6d7c07cf539c722f9b72 9e72c3d383ed3de2b708d888240b7e9a5b4e7619c8f0f73521873d4f44b17ae0
SERVER_TRAFFIC_SECRET_0 8b8bf1958cac0ea01808b0d6629f75598d923ddf6a9b6d7c07cf539c722f9b72 2cdaa9f8f3d15914f737372440bcaa79a6235ddbe500a6827dd446f1a4316357
EXPORTER_SECRET 8b8bf1958cac0ea01808b0d6629f75598d923ddf6a9b6d7c07cf539c722f9b72 0133290367e14ee80b263917a238eb2f60110d5b7a31743fe64cbd3d6c255cba
CLIENT_HANDSHAKE_TRAFFIC_SECRET c9f42dffec1cf9946c29f186b552b721cf0195992408b2bb4b93e681a034a89f 3649c4dac940d5fcbe1f43d3f8bcc6dc8d5b7ff1d31b193090e3771deee2db32
SERVER_HANDSHAKE_TRAFFIC_SECRET c9f42dffec1cf9946c29f186b552b721cf0195992408b2bb4b93e681a034a89f a91fd87a4817ebbad6b56f3c024499d33130f65f8925b68855cac660af0f8c7e
CLIENT_TRAFFIC_SECRET_0 c9f42dffec1cf9946c29f186b552b721cf0195992408b2bb4b93e681a034a89f 0de26ffdaa8342c9bdb48f06848de10fe3c415e70741f0981d10793da1e1f312
SERVER_TRAFFIC_SECRET_0 c9f42dffec1cf9946c29f186b552b721cf0195992408b2bb4b93e681a034a89f 315184c7d8a5f2dfa13389a583592f5c4ef37ac674eb1451a5ffb341ee826c43
EXPORTER_SECRET c9f42dffec1cf9946c29f186b552b721cf0195992408b2bb4b93e681a034a89f 1daf63a4459e34e9de2454f4a6bde2248862e170028ae79442717f1864c4903e
CLIENT_RANDOM 9fa3d22d1a8b16b9b51b2be36d35a68ec756a58eec16e755d81a1db13481f721 ac420e4b6c216153ded3e9b69bc6e98c9f1e88b776439681e652043af19b0a2b1d4900d99f27125be201702d26a6da6a
CLIENT_HANDSHAKE_TRAFFIC_SECRET 61fadc6af0e226ae2f83fd502777b532fa2c122511556fa8b96a234a549033d8 c69351e13af90d18b5e7fac5484fa18e891c8cba0478558c0b699c5b691e5b13
SERVER_HANDSHAKE_TRAFFIC_SECRET 61fadc6af0e226ae2f83fd502777b532fa2c122511556fa8b96a234a549033d8 0dc83b3ff8f0ba1c4c88814bf4514a9ab2b327d5ba19e2d642c5219294ff6206
CLIENT_TRAFFIC_SECRET_0 61fadc6af0e226ae2f83fd502777b532fa2c122511556fa8b96a234a549033d8 869ec189463ff1cef3eed641baee2e75538310445cc6cd75b74c65ef01f0ea5e
SERVER_TRAFFIC_SECRET_0 61fadc6af0e226ae2f83fd502777b532fa2c122511556fa8b96a234a549033d8 c12d895bcfb0c64ee0a060543ab8df54e6ab28b323729d243f98aed98ebbc295
EXPORTER_SECRET 61fadc6af0e226ae2f83fd502777b532fa2c122511556fa8b96a234a549033d8 75b1bd6da8c2765e61df05f1a1776f24ea6ae78999afb05339a7fb05fabf4897
CLIENT_HANDSHAKE_TRAFFIC_SECRET a0158615bf85e3be444a0b862aae004c7e59969b7135534665b92c72c3e5c1fe 621ccdbb89d05d89e2aee012d2d32c69090aa8dce1a153d4fb0c3b065135e44e
SERVER_HANDSHAKE_TRAFFIC_SECRET a0158615bf85e3be444a0b862aae004c7e59969b7135534665b92c72c3e5c1fe b0b4edfcf81a77f85576875b48fc1308e466819a689d93fa7f001887fed8b660
CLIENT_TRAFFIC_SECRET_0 a0158615bf85e3be444a0b862aae004c7e59969b7135534665b92c72c3e5c1fe fb0aa3c9822268c1c4d7f3f51fd71121817bae8dc6e294a264e5ef5c09585ca0
SERVER_TRAFFIC_SECRET_0 a0158615bf85e3be444a0b862aae004c7e59969b7135534665b92c72c3e5c1fe de2382f665e88310c32ab512eba9f115719d3e2217ac64f11f6916eb907857dc
EXPORTER_SECRET a0158615bf85e3be444a0b862aae004c7e59969b7135534665b92c72c3e5c1fe aabc467bf39004a415036e8d464370b343e6fca8634327e25db6d968e3513034
CLIENT_HANDSHAKE_TRAFFIC_SECRET 9c3ffe6da7aa3046f8a3c79f9cde76891939e5fb7878d87a0f54c8af7270e923 83746dea6e21dccea1eb857c8c69e72a3d799cac0e488484d247efd60773ddc4
SERVER_HANDSHAKE_TRAFFIC_SECRET 9c3ffe6da7aa3046f8a3c79f9cde76891939e5fb7878d87a0f54c8af7270e923 41f4a5839b67c469485c056aacfec646118c9ba235433cc7a200d8cf7c0b0d85
CLIENT_TRAFFIC_SECRET_0 9c3ffe6da7aa3046f8a3c79f9cde76891939e5fb7878d87a0f54c8af7270e923 19d53cb6cbc0348303ff0ef1d31ad0c29bc2ae97860cbc895c2599f449c30b86
SERVER_TRAFFIC_SECRET_0 9c3ffe6da7aa3046f8a3c79f9cde76891939e5fb7878d87a0f54c8af7270e923 ab4fda08350afd9805ac46b21577db597cfd6e1773215e5097b7d11939cccb76
EXPORTER_SECRET 9c3ffe6da7aa3046f8a3c79f9cde76891939e5fb7878d87a0f54c8af7270e923 ed4a652209c63d8cb340e982b3002c806df8a9c5e0f835b3383d3140fd0fa898
CLIENT_HANDSHAKE_TRAFFIC_SECRET 4e099c9e6073fb2d5dd51c4c216e77b8fd6d21b3e79af3c1f500b35b6b1e1d88 03da41928f3dc75a105268a2bfc27433b4f40787500608e39fe14f74fc17875c
SERVER_HANDSHAKE_TRAFFIC_SECRET 4e099c9e6073fb2d5dd51c4c216e77b8fd6d21b3e79af3c1f500b35b6b1e1d88 a77eb91b890a7324e50268e64824fb8deaee728269686ce6f9b927b951c7f749
CLIENT_HANDSHAKE_TRAFFIC_SECRET 0b297768b73abaa28ad7112293c6ec93174a109dd603c62ee4b3fa030882cfad 4af60f8a5b1ee534a7b396ac37445014bc41563cc2da58cb6c2ddc2c95a9d43f
SERVER_HANDSHAKE_TRAFFIC_SECRET 0b297768b73abaa28ad7112293c6ec93174a109dd603c62ee4b3fa030882cfad 503b2bfc6d2a4d6844804713e482eac94e7cd746cee2386dcd5790f3d34079cf
CLIENT_TRAFFIC_SECRET_0 4e099c9e6073fb2d5dd51c4c216e77b8fd6d21b3e79af3c1f500b35b6b1e1d88 8d45f3396d8c15a89326091408283f6ee2647f3cde09dcf1f8249253e7f1c0be
SERVER_TRAFFIC_SECRET_0 4e099c9e6073fb2d5dd51c4c216e77b8fd6d21b3e79af3c1f500b35b6b1e1d88 557b12536cd55357663e89c068e6fa85ee4ce242f74493d387039bb15230ced7
EXPORTER_SECRET 4e099c9e6073fb2d5dd51c4c216e77b8fd6d21b3e79af3c1f500b35b6b1e1d88 26fb67723090d2e3416165e692e6c1334505a42c6ffc971cd0f09ac84c8f2985
CLIENT_TRAFFIC_SECRET_0 0b297768b73abaa28ad7112293c6ec93174a109dd603c62ee4b3fa030882cfad c3f667a72d6026a44934f0adcde851e83353282f86be1803c182d0d55e1e98fb
SERVER_TRAFFIC_SECRET_0 0b297768b73abaa28ad7112293c6ec93174a109dd603c62ee4b3fa030882cfad 718f6149325b10573baad27d3ea3843854dcc20687ea2777df81357912214628
EXPORTER_SECRET 0b297768b73abaa28ad7112293c6ec93174a109dd603c62ee4b3fa030882cfad ab99251873591850e28c2c45895a43550d17e479eb06c666bbd9ee695cc95c8f
CLIENT_HANDSHAKE_TRAFFIC_SECRET 6011f36f95bd216cd0336804cc4e57b1a3b41e43c0b088b62a4c52dc9969a61a 8c1d546ef0e710ca804ee82c300ed12cb9350e2408e259709c1b5c08d73fa3c7
SERVER_HANDSHAKE_TRAFFIC_SECRET 6011f36f95bd216cd0336804cc4e57b1a3b41e43c0b088b62a4c52dc9969a61a 957cfd73567bfc6b3dfd58401edad921eada6cc4076010a8ea9de7de71b660c9
CLIENT_TRAFFIC_SECRET_0 6011f36f95bd216cd0336804cc4e57b1a3b41e43c0b088b62a4c52dc9969a61a 4152312f99bc67c4ed5239e59d6f84e21c9f2acb739bf1935d5c86081ae2c3f8
SERVER_TRAFFIC_SECRET_0 6011f36f95bd216cd0336804cc4e57b1a3b41e43c0b088b62a4c52dc9969a61a 8a332040ad3d4b04b43fe520ee84fb5f99d97da52a9188c68a38d492ce8cfc43
EXPORTER_SECRET 6011f36f95bd216cd0336804cc4e57b1a3b41e43c0b088b62a4c52dc9969a61a d823cbf7592c19cada53222a9f208e2fa4adc0e036ea07106d502af598b6233e
CLIENT_HANDSHAKE_TRAFFIC_SECRET 3fa45f9ca84081860bc4b177afe0db02390b44ff09a1531d968d68835eb58a46 16fb1393d74223ea284d2e9afcaf80ab49d191f39dccba657545a93a2eaaaba0
SERVER_HANDSHAKE_TRAFFIC_SECRET 3fa45f9ca84081860bc4b177afe0db02390b44ff09a1531d968d68835eb58a46 dccb38d2e2a785e9fc77c9ea425c82271a03fb9d81f50392842b13c961293d8a
CLIENT_TRAFFIC_SECRET_0 3fa45f9ca84081860bc4b177afe0db02390b44ff09a1531d968d68835eb58a46 c142713aae4bbe6080cd459d924af34a314feed4f9d0b943c92494c0723e8651
SERVER_TRAFFIC_SECRET_0 3fa45f9ca84081860bc4b177afe0db02390b44ff09a1531d968d68835eb58a46 be26d99a4f9f16cf42ed9f763d0223cafe572415d3c91302433c7b281e41f63a
EXPORTER_SECRET 3fa45f9ca84081860bc4b177afe0db02390b44ff09a1531d968d68835eb58a46 48bb59094b42f1d6050ed568df9a52607ae2c5e0a410b306309ac599f82bb22c
CLIENT_EARLY_TRAFFIC_SECRET 50c32239fd36923cd16d223d6952ecb13f818fc437478a04a800ea467c43d533 75cb625ea6e66a7f897eb58603e26ce9df9259bf6e107c8ce05788bf27599034
CLIENT_HANDSHAKE_TRAFFIC_SECRET 50c32239fd36923cd16d223d6952ecb13f818fc437478a04a800ea467c43d533 1f966f4f8efdea64de7198b4cb76d3632ac35dfc6787c8d9c6cdcce20bbdc7a6
SERVER_HANDSHAKE_TRAFFIC_SECRET 50c32239fd36923cd16d223d6952ecb13f818fc437478a04a800ea467c43d533 a9f7074103a0f8989b16b37bf41d7b257130dbe97bf7463a47800c74dae60f71
CLIENT_TRAFFIC_SECRET_0 50c32239fd36923cd16d223d6952ecb13f818fc437478a04a800ea467c43d533 9bcd4611940eb190518e8fc3d252a9b9f1279596c8b6c5c6bf909704db964802
SERVER_TRAFFIC_SECRET_0 50c32239fd36923cd16d223d6952ecb13f818fc437478a04a800ea467c43d533 3afaddb7d18b4566adad5fba5563d1555080a435440eb262804969620895494d
EXPORTER_SECRET 50c32239fd36923cd16d223d6952ecb13f818fc437478a04a800ea467c43d533 7d190127ee6c1b2bb357c02bbe754e43678cd8e0ccdac66277199e9f486759c6
CLIENT_HANDSHAKE_TRAFFIC_SECRET 625ba15fd1c8e4bf2597ba0581df3ad39607be55b4a2df1e2f2523fc4a6977a4 58030461f4f61c11efc3ecfb23b6335baf4f512ca530e38429f383a352e41ad6
SERVER_HANDSHAKE_TRAFFIC_SECRET 625ba15fd1c8e4bf2597ba0581df3ad39607be55b4a2df1e2f2523fc4a6977a4 c3b70c26f19cffb33962e5dba2825c65fc6c2b4265591e89fe419d516f79dd07
CLIENT_TRAFFIC_SECRET_0 625ba15fd1c8e4bf2597ba0581df3ad39607be55b4a2df1e2f2523fc4a6977a4 952226481c2eacd5bc6c7f48d093a329fe1c828cab5ee6573072479349b3c26c
SERVER_TRAFFIC_SECRET_0 625ba15fd1c8e4bf2597ba0581df3ad39607be55b4a2df1e2f2523fc4a6977a4 9aa737eec497056dc592e90e0c71a6a609b2e7878c580b19e4c92c3a48634087
EXPORTER_SECRET 625ba15fd1c8e4bf2597ba0581df3ad39607be55b4a2df1e2f2523fc4a6977a4 f9175e77ebc01b8af3a9c03fcbdfbf665a82a0a7660d2c8c48cc132003e412a6
CLIENT_HANDSHAKE_TRAFFIC_SECRET 9698e789a78da3aebebdabcd4fe2efb9f937de9faa582ccb597ffed07b0273dd 532aa9462d4b2513b731daf32c5232a3899de16cde26acca9a9a79a49fb24ecc
SERVER_HANDSHAKE_TRAFFIC_SECRET 9698e789a78da3aebebdabcd4fe2efb9f937de9faa582ccb597ffed07b0273dd eadb042b82a676fc432921b7b0e48e9dc399476501b1d73699d0f0d7370fd899
CLIENT_TRAFFIC_SECRET_0 9698e789a78da3aebebdabcd4fe2efb9f937de9faa582ccb597ffed07b0273dd e26ce054076edf94c8a52127097485ab5cd0543b16b1ce7afd648b545bbe47f6
SERVER_TRAFFIC_SECRET_0 9698e789a78da3aebebdabcd4fe2efb9f937de9faa582ccb597ffed07b0273dd b167056f2948c5a9742dc4c1556d222ea0bc27fd90366aa965857752a5b2b117
EXPORTER_SECRET 9698e789a78da3aebebdabcd4fe2efb9f937de9faa582ccb597ffed07b0273dd 0d0bbc91ce20caf160cd5a46e152acb7dd21d9ced2fcaa20902ccd3723b40556
CLIENT_RANDOM 2f8befe215f25820118f5117f0d39ebf4defcea76c7d1d3fc473c2540090046e 0b0de19b8f84769a58db887cd830cdaa4ea1e9a2e2488167619feb40fdda042856ba637d23d7b5a51bbe153bc5220728
CLIENT_HANDSHAKE_TRAFFIC_SECRET 49a3bd0a55ece5a8e17c8f264b6d524c680e3c370390c1c5ad082eeb3a393d8c 7b66b2d744e829df727af8ab56119754d557c6af8f9d249297eaa28c530d1783
SERVER_HANDSHAKE_TRAFFIC_SECRET 49a3bd0a55ece5a8e17c8f264b6d524c680e3c370390c1c5ad082eeb3a393d8c 15b6ae6085ca737e9ba8a4c7b94ff9d6ab38308c28a95bf334a360ab5ac3cd8c
CLIENT_TRAFFIC_SECRET_0 49a3bd0a55ece5a8e17c8f264b6d524c680e3c370390c1c5ad082eeb3a393d8c d2319965cbe0ef9411a22841a6eea9d82f7e8d6a747651dfb71a6ffa3e0447e8
SERVER_TRAFFIC_SECRET_0 49a3bd0a55ece5a8e17c8f264b6d524c680e3c370390c1c5ad082eeb3a393d8c e46bd2627aee01882bb7271a1668bce164319fb147b0718d93dc94ee2fa8a410
EXPORTER_SECRET 49a3bd0a55ece5a8e17c8f264b6d524c680e3c370390c1c5ad082eeb3a393d8c 46eeb144409fcfb37464b5410f829ad99d516cb695b5cd86b74ee969a9ab524e
CLIENT_HANDSHAKE_TRAFFIC_SECRET 58e9df9c54800eede285e55c812d773ff8e0a2d2b1d2b8936206959eaa501af3 c534e1b1a3cb7a828c901a858c79dd201e38c920a2a89740b462345a0eb51f26
SERVER_HANDSHAKE_TRAFFIC_SECRET 58e9df9c54800eede285e55c812d773ff8e0a2d2b1d2b8936206959eaa501af3 c9b6ebdd08dc1609b0575deafba8504e234f850266bb1cdc8932a0a1839415c6
CLIENT_TRAFFIC_SECRET_0 58e9df9c54800eede285e55c812d773ff8e0a2d2b1d2b8936206959eaa501af3 03cc17d467d275261c4acc069c7d685fae94180fed300754f94796bd47395b6a
SERVER_TRAFFIC_SECRET_0 58e9df9c54800eede285e55c812d773ff8e0a2d2b1d2b8936206959eaa501af3 35e9b15296dd22318fa0a7790d76f0624420f45c041847692f849465a20bfbd5
EXPORTER_SECRET 58e9df9c54800eede285e55c812d773ff8e0a2d2b1d2b8936206959eaa501af3 5a35f7f841eceae2e52b2b5cfa035483b01e8551c9c9c7b52eb305b67db6397e
CLIENT_HANDSHAKE_TRAFFIC_SECRET ec9ec14bdb38ea3291bf97e8422ef0ce34ab10adfda1a5552615ddb7bc9a28e2 e6a9178fe3dbd8614cceed0f2c61b682801ed18c39e04c3da2927c793bb21186
SERVER_HANDSHAKE_TRAFFIC_SECRET ec9ec14bdb38ea3291bf97e8422ef0ce34ab10adfda1a5552615ddb7bc9a28e2 0220eb48c4ff090c4d483ecf411a4688278220f3974a928599a3e835dbbf1e42
CLIENT_TRAFFIC_SECRET_0 ec9ec14bdb38ea3291bf97e8422ef0ce34ab10adfda1a5552615ddb7bc9a28e2 f367fba8055676ba1a5e1c465fd36f80ecb4b018686df86f3cfcebae853610ad
SERVER_TRAFFIC_SECRET_0 ec9ec14bdb38ea3291bf97e8422ef0ce34ab10adfda1a5552615ddb7bc9a28e2 327cc6a422b3a75773aac7b5d11b5d8ea10f8fbe97afd4865709af4c9f350f55
EXPORTER_SECRET ec9ec14bdb38ea3291bf97e8422ef0ce34ab10adfda1a5552615ddb7bc9a28e2 492e29d7ee06b164a3cceb29fe39639a7c86d2f4ffb6aa5bd0da69804c3ecdaa
CLIENT_HANDSHAKE_TRAFFIC_SECRET 5978919eccab9a49ccab0014a00348158a4c1ea2b6d18f0064f743a29c8242e4 2c3290c135f62540b17b51e8eb16d2411fe8f83711ece0a690419b1c93c86b6c
SERVER_HANDSHAKE_TRAFFIC_SECRET 5978919eccab9a49ccab0014a00348158a4c1ea2b6d18f0064f743a29c8242e4 c2d016a95f17aa1896fb74543c7b0cc52fa7598bf2d9319ec5002cd1bf8fe60c
CLIENT_TRAFFIC_SECRET_0 5978919eccab9a49ccab0014a00348158a4c1ea2b6d18f0064f743a29c8242e4 bb12c4774267fa3b04c5737079be4deecfc29e34909a8850a3294031c9d46373
SERVER_TRAFFIC_SECRET_0 5978919eccab9a49ccab0014a00348158a4c1ea2b6d18f0064f743a29c8242e4 ccfcaa26a38ac07e556959fa9e871c0c9a8cb869644ad8287692363051e59233
EXPORTER_SECRET 5978919eccab9a49ccab0014a00348158a4c1ea2b6d18f0064f743a29c8242e4 8b0bdf42dd568f98d2e08b146a705e5090fbb7cfdbc4e19e341071b8bcf86fe9
CLIENT_HANDSHAKE_TRAFFIC_SECRET c871700bb0d08a7b5ce46c6196dfc1b1bd1b937ac260f0f921f74628c6c6fdc3 2945224de0f222e6b8ea78231411323d2e5e60f81c5a3e6411f8ed6c3cb4ef89
SERVER_HANDSHAKE_TRAFFIC_SECRET c871700bb0d08a7b5ce46c6196dfc1b1bd1b937ac260f0f921f74628c6c6fdc3 97c88441653a6930af7e7567c595ecb42898c104eed7de1d185402e54429581d
CLIENT_TRAFFIC_SECRET_0 c871700bb0d08a7b5ce46c6196dfc1b1bd1b937ac260f0f921f74628c6c6fdc3 5d721215f14030f4c85712eba3e68df358e5204ffb1d357c7aa0adc3a92f33f3
SERVER_TRAFFIC_SECRET_0 c871700bb0d08a7b5ce46c6196dfc1b1bd1b937ac260f0f921f74628c6c6fdc3 f5a667ebc4ad2fb3c0039a992e428db56b29da7003ea36d6528375f7143cb779
EXPORTER_SECRET c871700bb0d08a7b5ce46c6196dfc1b1bd1b937ac260f0f921f74628c6c6fdc3 790225c392139f5cb6cf4b313acb8283552e011398e0665f000c01db7c5edc77
CLIENT_HANDSHAKE_TRAFFIC_SECRET 3e03b32052f8a06a20385d22dc562ee75751faf27fbc7cfea31efd947d4945d3 28861d0abb04f64cf0f3dddcf6b6d5ded42543a3ea7dccf521955d5858b1ecbe
SERVER_HANDSHAKE_TRAFFIC_SECRET 3e03b32052f8a06a20385d22dc562ee75751faf27fbc7cfea31efd947d4945d3 d951f84f3f75df799b688b4d69d68e4560e3675d52a5704fe26406eca4970591
CLIENT_TRAFFIC_SECRET_0 3e03b32052f8a06a20385d22dc562ee75751faf27fbc7cfea31efd947d4945d3 b428afc02734f794ea2de945100ac764575ffbb90006166fea70fecffa2d1ccf
SERVER_TRAFFIC_SECRET_0 3e03b32052f8a06a20385d22dc562ee75751faf27fbc7cfea31efd947d4945d3 b16e51fd019c223d01ade5eb936d65d2f8e9452acce82d3ca4ac5aa07f1a417b
EXPORTER_SECRET 3e03b32052f8a06a20385d22dc562ee75751faf27fbc7cfea31efd947d4945d3 acf4c81c77cb25123fbbf8dbd1e63fd6ebac55caab7c7ccc66b8f42287bf3fdd
CLIENT_HANDSHAKE_TRAFFIC_SECRET 1e38f688d1666b04e33ad0dc8b57131d309670493544ea046188117e9703e42a e2363143b365545dab61cad787af25b2a837296173870342cdd4deadc3b68afb
SERVER_HANDSHAKE_TRAFFIC_SECRET 1e38f688d1666b04e33ad0dc8b57131d309670493544ea046188117e9703e42a 4d914f429be6be885a29417fc48f3a53bd521a2602bddf2be6341172a9a73fc9
CLIENT_TRAFFIC_SECRET_0 1e38f688d1666b04e33ad0dc8b57131d309670493544ea046188117e9703e42a ed37920c27f4d66d5dbed144895044624d7fd4a7f9078031e48acbce4e760622
SERVER_TRAFFIC_SECRET_0 1e38f688d1666b04e33ad0dc8b57131d309670493544ea046188117e9703e42a 542442add2386848adf4299751941c9bf88f548c4f903e038366cc1fe1fa8330
EXPORTER_SECRET 1e38f688d1666b04e33ad0dc8b57131d309670493544ea046188117e9703e42a 85187403a9d0286a99e27e24133eb6a9a7b09917a485e48c40e3d6eee90a26e0
CLIENT_HANDSHAKE_TRAFFIC_SECRET e4867afc86ae0b368bc4b9f9e7b63c8aed6d041c1aa01bbae0788d1c9c76d72e 10032c46500a028020d5d45471a457e99a76381951c59b8eba1d160b39e74704
SERVER_HANDSHAKE_TRAFFIC_SECRET e4867afc86ae0b368bc4b9f9e7b63c8aed6d041c1aa01bbae0788d1c9c76d72e 3aa822753a73847c80d0dd43f1cfa34647ffe446ae93ec6a7e06974012e3bb3f
CLIENT_HANDSHAKE_TRAFFIC_SECRET 5e76a7675b24ece6c04a821b3321d892115242b2a684e060ec4ed5eb4d92732f dfe98ae75406d1636064fdc2fe57201bc7b2d98b79638b407c7c62d131c54324
SERVER_HANDSHAKE_TRAFFIC_SECRET 5e76a7675b24ece6c04a821b3321d892115242b2a684e060ec4ed5eb4d92732f d493687bafd1049ff7591a8ba04811c4c3d389d1ed9b752175edb5bb2a1f15b4
CLIENT_TRAFFIC_SECRET_0 e4867afc86ae0b368bc4b9f9e7b63c8aed6d041c1aa01bbae0788d1c9c76d72e 050ccfad6819e17fba6a1a7e16b51778be5ad9adfabec2fd13fc758ce895fd4e
SERVER_TRAFFIC_SECRET_0 e4867afc86ae0b368bc4b9f9e7b63c8aed6d041c1aa01bbae0788d1c9c76d72e d32cd8603575c69b893c37c47bbf6a2c65f0044ef88a083e0cfc7e289669015c
EXPORTER_SECRET e4867afc86ae0b368bc4b9f9e7b63c8aed6d041c1aa01bbae0788d1c9c76d72e 16212dd9fc5a99d97212c61fe735fd746b49b0c9bff454f41c95aec08381761a
CLIENT_TRAFFIC_SECRET_0 5e76a7675b24ece6c04a821b3321d892115242b2a684e060ec4ed5eb4d92732f 041170230fd3398c4722c5f74582b73c6e76a06125f25340e61711079ecf197d
SERVER_TRAFFIC_SECRET_0 5e76a7675b24ece6c04a821b3321d892115242b2a684e060ec4ed5eb4d92732f d206aa3b2e7b0d95a63cfd00167d2b2cc3f1606987a9d944a3c3d011ae4c2c15
EXPORTER_SECRET 5e76a7675b24ece6c04a821b3321d892115242b2a684e060ec4ed5eb4d92732f 29b5a49407c7d1a1df3207ee6eb292126286973b3a8cc714d2a85359de4aefd3
CLIENT_RANDOM 7b5b5b12ee54378bf083999fe9c9ff726796ca9bbd6213c8492861f74764f765 c6ff1522a4da42c35ec2a5b7fdd2e132b78768fc37b76521d29a7cbf8ee8fee6d751bf1059e716b005a6d2ee46dc1dce
CLIENT_HANDSHAKE_TRAFFIC_SECRET b20ae5c6f2bfdf7d59f1b18b87eea2df9dcb42d870553cbf6a1059fd61a2424c 6aa2aa5fdbe74bfc50cedeb4842470994345dfc988bb120e227d740f154b6453
SERVER_HANDSHAKE_TRAFFIC_SECRET b20ae5c6f2bfdf7d59f1b18b87eea2df9dcb42d870553cbf6a1059fd61a2424c aaaef4f6406528659d3302c37fb10b4efffb71566246702ef287a4c4d5b10fa1
CLIENT_TRAFFIC_SECRET_0 b20ae5c6f2bfdf7d59f1b18b87eea2df9dcb42d870553cbf6a1059fd61a2424c 9109c8d51165f4e171f3708bc2400e3cc247fdd88a281e006b907850882c831c
SERVER_TRAFFIC_SECRET_0 b20ae5c6f2bfdf7d59f1b18b87eea2df9dcb42d870553cbf6a1059fd61a2424c 87c90212f0047dfd23905eed3bed58c507c8668020b0b052e507a1b77ed44d41
EXPORTER_SECRET b20ae5c6f2bfdf7d59f1b18b87eea2df9dcb42d870553cbf6a1059fd61a2424c 08119780756179590d57f78605194f94cf1dbeaeacafaa7227efb54e80440d3d
CLIENT_HANDSHAKE_TRAFFIC_SECRET 762d0c67cd9f54a8f1171642b5145fcbad3d8976cfd63846b51e75564a495ae3 ccb80af5c06eba65409db7111ef459a76ea6e15a6a1fae7c15e919d5cc4589cd
SERVER_HANDSHAKE_TRAFFIC_SECRET 762d0c67cd9f54a8f1171642b5145fcbad3d8976cfd63846b51e75564a495ae3 f7a144a1bed3482cdfae34683f9719d703c0b11f0e91203fd1dfb26b6fde3f90
CLIENT_TRAFFIC_SECRET_0 762d0c67cd9f54a8f1171642b5145fcbad3d8976cfd63846b51e75564a495ae3 aa691c46f9c15a6d34864843719846e4c7568a63a591179bbea57433a47fc741
SERVER_TRAFFIC_SECRET_0 762d0c67cd9f54a8f1171642b5145fcbad3d8976cfd63846b51e75564a495ae3 c2f82ef86fdfbfcae8da2da899aa5ffb5aeb25d8f86723d99e1506f4d5200ca2
EXPORTER_SECRET 762d0c67cd9f54a8f1171642b5145fcbad3d8976cfd63846b51e75564a495ae3 2aab6f90605d285f5420f59035354910ba1532145d4029c9b3ffe04d09d6cd28
CLIENT_HANDSHAKE_TRAFFIC_SECRET 32e68e0dbe8448d64c2d94c840bb876079dac7e8879bca7bd790b3a9face320f fc80b9574f6358dd9acdb4ea62994b317a72ec73564a1d120b1232dd7da58ef5
SERVER_HANDSHAKE_TRAFFIC_SECRET 32e68e0dbe8448d64c2d94c840bb876079dac7e8879bca7bd790b3a9face320f 6596a7084128c5840d7731373bf25be2e3f65f9ff2f28c0910ac33a7c82dfbde
CLIENT_TRAFFIC_SECRET_0 32e68e0dbe8448d64c2d94c840bb876079dac7e8879bca7bd790b3a9face320f b55ce0c44581d7b7b9af8440501ca87fe69a306f4b9066f7ec10665542ac669b
SERVER_TRAFFIC_SECRET_0 32e68e0dbe8448d64c2d94c840bb876079dac7e8879bca7bd790b3a9face320f 401977ce9c63ee703cfc0e5fd7a776119a1642d7c1edb60461fec9877910b477
EXPORTER_SECRET 32e68e0dbe8448d64c2d94c840bb876079dac7e8879bca7bd790b3a9face320f 58ce01a140eaa898047b4b5549697fbbceb608ae85b09179e8917c6be5c5cd9f
CLIENT_HANDSHAKE_TRAFFIC_SECRET 31025ee10a627867730acfa50c19b156149cf732842d0a3529dc1f6c1a892481 f1d22521dbe531c609c31483712d4e0d48ceb8105cc32289400a523f115bbc51
SERVER_HANDSHAKE_TRAFFIC_SECRET 31025ee10a627867730acfa50c19b156149cf732842d0a3529dc1f6c1a892481 151f59516136439e29377aee542b88a6b0493aa82c5b9d42765c4225325b72a9
CLIENT_TRAFFIC_SECRET_0 31025ee10a627867730acfa50c19b156149cf732842d0a3529dc1f6c1a892481 041225ef0703af7f99cdb6e3493d4bf3d85d384ce982b589a5a517710a3c8663
SERVER_TRAFFIC_SECRET_0 31025ee10a627867730acfa50c19b156149cf732842d0a3529dc1f6c1a892481 b6a38189dc0e90bfe255a4fbe36089952ffc4f9cba6f4fbb0c821b2c939dd641
EXPORTER_SECRET 31025ee10a627867730acfa50c19b156149cf732842d0a3529dc1f6c1a892481 cf5254ac9d4977102a07bfdaa841c5c6e6350dc9351ad8ad3f5b967346bc3d67
CLIENT_HANDSHAKE_TRAFFIC_SECRET b1b3420d2c46c8b845383ad351867dc09ccc7ea77fb077d0814e94fff7d451b3 5518dc9df989ff83141c41bf34c050382ce5f1f2c08c8e0dd70f4d3a4c9da548
SERVER_HANDSHAKE_TRAFFIC_SECRET b1b3420d2c46c8b845383ad351867dc09ccc7ea77fb077d0814e94fff7d451b3 378726bf7d24e8b088ee2b862e46d8860be8a4b10aa78a8dd7f11017afe55fc2
CLIENT_TRAFFIC_SECRET_0 b1b3420d2c46c8b845383ad351867dc09ccc7ea77fb077d0814e94fff7d451b3 342e0d503b3ad00e396ffc1751ebf5107e14f19024966926a3f4d06454c601be
SERVER_TRAFFIC_SECRET_0 b1b3420d2c46c8b845383ad351867dc09ccc7ea77fb077d0814e94fff7d451b3 0e0ffa8fe0e8e4331cc7b634d86968bb8a661fd91c2619baf9b2673b412058b0
EXPORTER_SECRET b1b3420d2c46c8b845383ad351867dc09ccc7ea77fb077d0814e94fff7d451b3 5c7af48891cd5dee35a4dbcc2b531d0249ea8f4d036c1e97600b66208815b93d
CLIENT_RANDOM 1945e250b05d3a22080a1a1adea6c0f1523e291b3be8bd19e39b3d335be70f1d a7e11533a0284c811c64020b17798c6aae5b7eb1ce55d86ee0293f3c9b5ac55c2573e2a2bf9cd78c2c7a15bd2cd3d91f
CLIENT_HANDSHAKE_TRAFFIC_SECRET 09781ead479d9c24fa676244fc89892a4f861b95f6e3ded9653054ef18cad785 c415321304e0c42ba5514fe2b547adec7e50f75b69f4893a68d9871cd955a525
SERVER_HANDSHAKE_TRAFFIC_SECRET 09781ead479d9c24fa676244fc89892a4f861b95f6e3ded9653054ef18cad785 216ba531e14f7f5d9ff457efabae0bc17fd8921a8fc953e5fe6d603b7fed4ce2
CLIENT_TRAFFIC_SECRET_0 09781ead479d9c24fa676244fc89892a4f861b95f6e3ded9653054ef18cad785 816cefbbbb1d78c29530472457aab6f4496d667add85793e223dbede01d6ef2b
SERVER_TRAFFIC_SECRET_0 09781ead479d9c24fa676244fc89892a4f861b95f6e3ded9653054ef18cad785 0a6ff841b4b8ef945746acc9f0401c8216606a5581cb0bb6c729579fa996d17d
EXPORTER_SECRET 09781ead479d9c24fa676244fc89892a4f861b95f6e3ded9653054ef18cad785 e6a86b2d279bc8044dc66b56a0097bbd413d49764e788c6f8e0aeded7d5f04ad
CLIENT_HANDSHAKE_TRAFFIC_SECRET 1eec817b3ee13a2b8743505e4fe1515c2e45924e4e858e681e35458f6fb73ca2 1c717fcb7da37bc1f85bbce93be9ce5aafc45f168898740be1a61415dfdf2e58
SERVER_HANDSHAKE_TRAFFIC_SECRET 1eec817b3ee13a2b8743505e4fe1515c2e45924e4e858e681e35458f6fb73ca2 7aebd297d1934854b4df43137f0bc146c61674c30d7f97ac747ba48a431cc819
CLIENT_TRAFFIC_SECRET_0 1eec817b3ee13a2b8743505e4fe1515c2e45924e4e858e681e35458f6fb73ca2 ec432dcbba9f5993f957e6e25e15cc2cf16cfae411f807b8880b4c1ac4266832
SERVER_TRAFFIC_SECRET_0 1eec817b3ee13a2b8743505e4fe1515c2e45924e4e858e681e35458f6fb73ca2 e04b65a23f0b84586e8c79692a8137c4a58c21a2cd3d96d51d7717e33ceddc17
EXPORTER_SECRET 1eec817b3ee13a2b8743505e4fe1515c2e45924e4e858e681e35458f6fb73ca2 77e0fe5281cfec8ae611e8c16b37945ae3b7f26672f53a7defebd144d06b3641
CLIENT_RANDOM 9cdb2a4706e3175abddc318634cb6261161eb05bbdc92293572089c6f4747dec c3e3cd8365ef7412471f5e63575f4c83f1445cb6a0da749d1f65324b9761559fe6a4e8d41defad431ee102068e671a0a
CLIENT_RANDOM 221e597c2ff28861527c573f62fa30b04974dc928f998aca95738e5acbbec841 005cc20d34d62f862dee936764fdf62ec5ac1fb2b0254676fcbddb6cd32e259f38e16afa7cacbec997d592525bb049b9
CLIENT_RANDOM 3f6ae24a2cee08b9343b6e1b660e2f58a5986fe86ed89e6bdb66b2c59e7c9718 1c77d2437f9771dfec98ee1e4d46b413e1d3c3abb2aef12e2f13882c17269e90aad98807e15b4df2f9df07f41a250535
CLIENT_HANDSHAKE_TRAFFIC_SECRET d6e0c89578b2c4d10b915a3d0b55543ad001ef9fce3b837b47a73a0229eef8e2 66c01684dd6d0fbbbca7252c4e0099ffd6e45e14dd04bd67569ae442610705c0
SERVER_HANDSHAKE_TRAFFIC_SECRET d6e0c89578b2c4d10b915a3d0b55543ad001ef9fce3b837b47a73a0229eef8e2 dbc08c5aebd634a03eba637c3ac7ae3d938f2f9e159165baf5648163108083e6
CLIENT_TRAFFIC_SECRET_0 d6e0c89578b2c4d10b915a3d0b55543ad001ef9fce3b837b47a73a0229eef8e2 b747547bb8b747035a5cddfc0d2105f1151f8da9c591e4df7c72d15a1b4cef81
SERVER_TRAFFIC_SECRET_0 d6e0c89578b2c4d10b915a3d0b55543ad001ef9fce3b837b47a73a0229eef8e2 9c565a3d08e35fa10e73af1eed11fba4a2b5a9247525bf2760f45a606c39e4e7
EXPORTER_SECRET d6e0c89578b2c4d10b915a3d0b55543ad001ef9fce3b837b47a73a0229eef8e2 18443fba8c369d97a814f028825164e93af22ea76408f5a7cb64b03aeaa04911
CLIENT_RANDOM 3ecb4ef1c88821e1041818fe24bcaaaa55acf7e1e278e306e4acdd0ad6fc3d71 340c8474848482f0cf8ee75bd9ef36af989a0e0f4761f016da5b626f5fb5cdfa51b80723212e173c4ed89030097bd26d
CLIENT_RANDOM 2bea007d7a7c0fd797aff850ed83542bed7e654f27b9c896976b147045537025 fe02d67d630d1eab2d3a140cb8fc646804b9442bb82e8f3072bf7e89533ee5f292beb4cdef24dbd9c73a76180be1c1c8
CLIENT_RANDOM ae5ed47c2b65afab5aba46ffe9e4cb809dc2152fb5ab6a450664704b02867f47 2ce0bed137326474f8234bd25ec499807734671e05b0f55af7929012179036d5f20c67c9eefabbf82f833d85ea561521
CLIENT_RANDOM 470be6e1bf6fef338424638c46b3bfb13e7920658cfc3c263213c28ed6770670 fbe1b412434766135a398a0f7ef2173744759c40c53c11114e6e0384488e103bf6fee2512ba6dfbe16db667a805877ea
CLIENT_HANDSHAKE_TRAFFIC_SECRET f2e208477c94e6d62e7dc2179752319d9cde587ca9d80f20a09764e91867abb6 79204d7a787d683c1e111974a569eb996e151346bf7a8e53c768ce005e871bad
SERVER_HANDSHAKE_TRAFFIC_SECRET f2e208477c94e6d62e7dc2179752319d9cde587ca9d80f20a09764e91867abb6 ca26dd0701b5c783cfd38a6d330710924fc6dc88ffee5c663e893bcc32f59b73
CLIENT_TRAFFIC_SECRET_0 f2e208477c94e6d62e7dc2179752319d9cde587ca9d80f20a09764e91867abb6 f5d13b65ddf72b900ed30bfe0c2bff6ac2dd4b9af16cc8ca55074485bba2ed39
SERVER_TRAFFIC_SECRET_0 f2e208477c94e6d62e7dc2179752319d9cde587ca9d80f20a09764e91867abb6 4678189fe468c79ae0cf1127a0e615ead643df32f709a8f8f79bc0afb663734a
EXPORTER_SECRET f2e208477c94e6d62e7dc2179752319d9cde587ca9d80f20a09764e91867abb6 cda92f1d71737428c14b01ad9d75ce1a4b7208b138151ee87fdd37f4f89b02b8
CLIENT_HANDSHAKE_TRAFFIC_SECRET d9d0d871a8db44beda7d701d3b24f7b0191bb1259d86dbe176afe5716b99f409 d3202ea96a42e23c5d02aea6619dd0f60fdfc8926ad4bc22883a4238298b03ecdf08b4cac25d83dc58c001a7f894d1fe
SERVER_HANDSHAKE_TRAFFIC_SECRET d9d0d871a8db44beda7d701d3b24f7b0191bb1259d86dbe176afe5716b99f409 25e9727a1dc1a4da3cb3e94c2af14ff4afaf45bae86ba7f94eb5c61bec91a9f1a66e5e090183d95efb192bc17be9b35c
CLIENT_TRAFFIC_SECRET_0 d9d0d871a8db44beda7d701d3b24f7b0191bb1259d86dbe176afe5716b99f409 c773fbd68644a270781e3d1cff658e33ba662aa2492b91dcb35c5aec91049d339687549449b97275493e617045908921
SERVER_TRAFFIC_SECRET_0 d9d0d871a8db44beda7d701d3b24f7b0191bb1259d86dbe176afe5716b99f409 0815af2b86f71d3fb2bc4a207bf2c7c60c582de66b7ff46728a9cfa6f3817145d231c61e084303236c63772de01f3a5b
EXPORTER_SECRET d9d0d871a8db44beda7d701d3b24f7b0191bb1259d86dbe176afe5716b99f409 664c8b6860e9e4fba742a6ab98fa4d72c32b4a1c0b1ccb9700723542212cc7cfba3b9bfee701d388d00388f37da80359
CLIENT_HANDSHAKE_TRAFFIC_SECRET a49e7c4a808d5f048925f6a17dc58c94d4ed2e41840c01d1183925ada79f19d5 e9a586224c49aa2beae66af8862cb63cc3f5d5f6d222beeeba5498f99b59b741
SERVER_HANDSHAKE_TRAFFIC_SECRET a49e7c4a808d5f048925f6a17dc58c94d4ed2e41840c01d1183925ada79f19d5 8aff17d113234ed07c7e949af4f6b9a2efa282c1529ff1dc56ef0eeb7365e10b
CLIENT_TRAFFIC_SECRET_0 a49e7c4a808d5f048925f6a17dc58c94d4ed2e41840c01d1183925ada79f19d5 eeab617bc7218e705ea527cce0672fa0f6dee7a3af8a6ea8b6611abd16792b98
SERVER_TRAFFIC_SECRET_0 a49e7c4a808d5f048925f6a17dc58c94d4ed2e41840c01d1183925ada79f19d5 53a500a3c31f265ac5066e8155689f1cf3e676d4168b83a25de82aca90cbd89f
EXPORTER_SECRET a49e7c4a808d5f048925f6a17dc58c94d4ed2e41840c01d1183925ada79f19d5 b6a65aa87bbc01d861f367009b65f5c09e2f80c4c32ab335084d44776ce68e54
CLIENT_HANDSHAKE_TRAFFIC_SECRET 9b963c7a7f5a4c71289fc0a552ee812327aeb31fb174f4698af2d1665b78546b 61175a133cee3e6eea432fb831a94560ec8a8e2e0403a1c8f73f472007ca35d8
SERVER_HANDSHAKE_TRAFFIC_SECRET 9b963c7a7f5a4c71289fc0a552ee812327aeb31fb174f4698af2d1665b78546b f8bed08e2ba3563fd17cedd65e5cf9e8bd08f2c517e16c0d6f92cb1c9587b9f9
CLIENT_TRAFFIC_SECRET_0 9b963c7a7f5a4c71289fc0a552ee812327aeb31fb174f4698af2d1665b78546b 694fbb969a74422a20bbcc5101b88b72b07631fcc8a062b6d35cd8ff29de7460
SERVER_TRAFFIC_SECRET_0 9b963c7a7f5a4c71289fc0a552ee812327aeb31fb174f4698af2d1665b78546b 7e1ac46caec94cdb7afe2d0d2f0d1d560adc0ebdd89bed2ae18e4628ac999f13
EXPORTER_SECRET 9b963c7a7f5a4c71289fc0a552ee812327aeb31fb174f4698af2d1665b78546b b44557d6456510e06e923ca586f154000b6b75cc020bb2467cf5cea948e0c0de
CLIENT_HANDSHAKE_TRAFFIC_SECRET 37d2ae773ce556ab7d9957859bd265d0714c90b950def90725d42e41d147da5a 97b1162abfcf51ee3858b4a2d6f06ddb306e328c0db50dd80e78d1c498308846
SERVER_HANDSHAKE_TRAFFIC_SECRET 37d2ae773ce556ab7d9957859bd265d0714c90b950def90725d42e41d147da5a 6c32c1e0751e6cc72fd742f0ebc990f9b4ee3e0d63c7cb676522e168b817f254
CLIENT_TRAFFIC_SECRET_0 37d2ae773ce556ab7d9957859bd265d0714c90b950def90725d42e41d147da5a 7ac0f3cf204c5f0d5930e92e7fd4008a1e1863f6457ad1384c73a0b8647b5ddd
SERVER_TRAFFIC_SECRET_0 37d2ae773ce556ab7d9957859bd265d0714c90b950def90725d42e41d147da5a bc35cc5e9ed37f385b13d2fdb57c346bb9bfa06e7e193de2fb4ff161569b6a31
EXPORTER_SECRET 37d2ae773ce556ab7d9957859bd265d0714c90b950def90725d42e41d147da5a 5110ad1246bd584066418a5031e5d83e7c992e3793d96de2299450dc278febff
CLIENT_HANDSHAKE_TRAFFIC_SECRET b2ac7ea002d7180e9fa2952748bf1628f15bf55d6ad6aaae938001de493f7d76 ab02249209781208b7a9a8102b033c5396f20d439cfd22b0659659f18299f63f
SERVER_HANDSHAKE_TRAFFIC_SECRET b2ac7ea002d7180e9fa2952748bf1628f15bf55d6ad6aaae938001de493f7d76 6a8fd5362095de2091453d588395832a7a4358dfb120fbbbdb06479f58d6b9a9
CLIENT_TRAFFIC_SECRET_0 b2ac7ea002d7180e9fa2952748bf1628f15bf55d6ad6aaae938001de493f7d76 57ef9ac315cf89c102819dc8cfb054aef8bc33519accfbead6e07e03632fd0d7
SERVER_TRAFFIC_SECRET_0 b2ac7ea002d7180e9fa2952748bf1628f15bf55d6ad6aaae938001de493f7d76 8cbf22f7a6b389fe66305a0b1807162d858c7167157f6288d32fb1e1fd1c1c1c
EXPORTER_SECRET b2ac7ea002d7180e9fa2952748bf1628f15bf55d6ad6aaae938001de493f7d76 80fc0afd1316f138e1701472371a1d7380c1905de8315fea6f691484fe60fa57
CLIENT_HANDSHAKE_TRAFFIC_SECRET 77f105350b33baef9429b45e6246b4227cf4a0661841f57d2cdf541b314710b7 35b5b20c9afe1a84757892596a3d78132bb1960644245a17623097ca2e9e969feb66e7a0445eb5f15d7ab8b8dba3b7c0
SERVER_HANDSHAKE_TRAFFIC_SECRET 77f105350b33baef9429b45e6246b4227cf4a0661841f57d2cdf541b314710b7 4c5abb0585df36354b464c84634bb343a5f0300fb1540f2087bfa2e00acdaacac038a52fbde7c0c6b7dd55868ee773b6
CLIENT_TRAFFIC_SECRET_0 77f105350b33baef9429b45e6246b4227cf4a0661841f57d2cdf541b314710b7 77951d0dfadd722c54847e745fe14d34f6ee8aabc7cd34175b18420605b1b9f4fb8ff3d9a6270f38f8f7c9ef7d279c71
SERVER_TRAFFIC_SECRET_0 77f105350b33baef9429b45e6246b4227cf4a0661841f57d2cdf541b314710b7 12dcee3b8fd2f0ea61f39068d979aaa7633f18bd98088781f142708079ebb9de1e5305dc66161f0a0934337926e11db7
EXPORTER_SECRET 77f105350b33baef9429b45e6246b4227cf4a0661841f57d2cdf541b314710b7 fb900f1bfbebfcca7fb194df0f976785728a86d204fe19b8b08a66c0e85279a0197787fa4f4326845ae6f3c651457af7
CLIENT_HANDSHAKE_TRAFFIC_SECRET f05b3d5373552c9ad73498e5aa41baf4524677e2d942fa59f2e8925f6a4c893c 781b80f55c2709859389dc6b84854dd4b519fb912f704850cfff96fc7ec776f1
SERVER_HANDSHAKE_TRAFFIC_SECRET f05b3d5373552c9ad73498e5aa41baf4524677e2d942fa59f2e8925f6a4c893c a5dabb5c2c0e88d07c48777bea7d5781acd45b1c06cdbead471cf29711b35ab0
CLIENT_TRAFFIC_SECRET_0 f05b3d5373552c9ad73498e5aa41baf4524677e2d942fa59f2e8925f6a4c893c b77e13ee28392cbd2c097960d935d7f57bad55515c4d7287e6584abb5166378d
SERVER_TRAFFIC_SECRET_0 f05b3d5373552c9ad73498e5aa41baf4524677e2d942fa59f2e8925f6a4c893c 6a8e661f2a4379967f5fe386253e8ae131f953d4e1e3271c3bf0324f47bb2336
EXPORTER_SECRET f05b3d5373552c9ad73498e5aa41baf4524677e2d942fa59f2e8925f6a4c893c 182fafcb087ef96c8823308bf6f5e3086dc5ee2a4acbbebaba25241f435fb5a6
CLIENT_RANDOM af4bef18e7c847cffaf0ae680e766abcb4fc9a61e59df5defc8ca3de61b28f96 f6cffa761a0d11a76abcd6e51d40d70157f89b14f35f39c24f68ae02a43007dc181601ee2242f13e46b2232eda92900d
CLIENT_HANDSHAKE_TRAFFIC_SECRET 9b0450d102a925b96ef6aaeca2481b3ce48e13fe51e03c7947d1723b4c90be13 701dc5cb5f793d2b558dad99194d7d4daf4d32562288046e43236157c6caf0e8
SERVER_HANDSHAKE_TRAFFIC_SECRET 9b0450d102a925b96ef6aaeca2481b3ce48e13fe51e03c7947d1723b4c90be13 1529c7a62280795258c16f2d07d3c70da52e99e5f8932e8b7c494d97a130d76a
CLIENT_TRAFFIC_SECRET_0 9b0450d102a925b96ef6aaeca2481b3ce48e13fe51e03c7947d1723b4c90be13 042bff32498fcf3c35c04dda9467b1362ca1d2a7b58d722aeb3a9fffe9c4a77e
SERVER_TRAFFIC_SECRET_0 9b0450d102a925b96ef6aaeca2481b3ce48e13fe51e03c7947d1723b4c90be13 e2f36a53d35a36c0773362165abc687db2233bfe6d088cd76b470776a488b182
EXPORTER_SECRET 9b0450d102a925b96ef6aaeca2481b3ce48e13fe51e03c7947d1723b4c90be13 58e69828e3d11616d7b4018f44d846d3ea4317a28397f94677d71818a184ad00
CLIENT_HANDSHAKE_TRAFFIC_SECRET 91bea5cede64a922038550d645dd080cfe837327eeef81c5c4f2b6a00cd8f988 24758b4ae0a0a83d60b13c292e1bfde6239a85f3813314c0a7bf2228c67f3810
SERVER_HANDSHAKE_TRAFFIC_SECRET 91bea5cede64a922038550d645dd080cfe837327eeef81c5c4f2b6a00cd8f988 631add20efef4c8fb1230acf551330b16ffb24f6ba258887566c6941d64eb812
CLIENT_TRAFFIC_SECRET_0 91bea5cede64a922038550d645dd080cfe837327eeef81c5c4f2b6a00cd8f988 cdf765dd92d34cb212b231ab49362fc9fd33460a4a3cb2209ab3013a35a1a883
SERVER_TRAFFIC_SECRET_0 91bea5cede64a922038550d645dd080cfe837327eeef81c5c4f2b6a00cd8f988 7e74c7ffbf8561385bdc8ea390f98acf93471998f345c0706351895fffdebeed
EXPORTER_SECRET 91bea5cede64a922038550d645dd080cfe837327eeef81c5c4f2b6a00cd8f988 8f67632b065334d051c9b10b2e2b94cff04b072d9afd6cb9c807a7a706eaf495
CLIENT_HANDSHAKE_TRAFFIC_SECRET e1b1ee7b4c6b393fbea58acaa9f36424b01b53ed5d8ab2e4fc25e86e45d3dddf c798493f3eb5b9ae3ad32713c3983185dcb51e3495aaaa22668edb44a06fce93
SERVER_HANDSHAKE_TRAFFIC_SECRET e1b1ee7b4c6b393fbea58acaa9f36424b01b53ed5d8ab2e4fc25e86e45d3dddf 2aa765dfab1532c0bf1bf25997094dc8d7284699b15ba0d14b5301859ff81474
CLIENT_TRAFFIC_SECRET_0 e1b1ee7b4c6b393fbea58acaa9f36424b01b53ed5d8ab2e4fc25e86e45d3dddf 585e238f36babd9eb460570363e49259ea4183f3dca5d715ea10af3d5ace5c1a
SERVER_TRAFFIC_SECRET_0 e1b1ee7b4c6b393fbea58acaa9f36424b01b53ed5d8ab2e4fc25e86e45d3dddf e02751a11be51924ff1ca9e1690a6776e2713056b8a3e111680cf29f60183eb2
EXPORTER_SECRET e1b1ee7b4c6b393fbea58acaa9f36424b01b53ed5d8ab2e4fc25e86e45d3dddf f8fd04edb81300d8440a46d3d73b1fa97739679e8a22f125243fb1a8c02365c1
CLIENT_HANDSHAKE_TRAFFIC_SECRET d667440fcfb087bf512392509710c54bfc738abace6a8f20007a0e66b8eccee7 03c86ffc3152ee5f6135c7939cf8afa362116488bfc8cc9fd9e7211d3fbac143bc22bd8f8431f49f7eb3080d219567e4
SERVER_HANDSHAKE_TRAFFIC_SECRET d667440fcfb087bf512392509710c54bfc738abace6a8f20007a0e66b8eccee7 ce19e8586bfc24e74925d31834313393b505fad1d9a6bbacc64ce6261d7b0687ea85f5952d3e2a07a69f61d1ff66ee85
CLIENT_TRAFFIC_SECRET_0 d667440fcfb087bf512392509710c54bfc738abace6a8f20007a0e66b8eccee7 fb6cd6b581f5ed9fdcaecdb319c1d78578f91caa95955738c853ab556f1d42fee8312a55d362259f20d01530d98690da
SERVER_TRAFFIC_SECRET_0 d667440fcfb087bf512392509710c54bfc738abace6a8f20007a0e66b8eccee7 dbcb631c9eddafd9f6354e1aeab4dd9e126996550f5223c384ae4baa89f6ee0ba1c8a3d1109b80349ff0728c42934039
EXPORTER_SECRET d667440fcfb087bf512392509710c54bfc738abace6a8f20007a0e66b8eccee7 36e2ad744d4290074c48949f8345f8a6491c83308338ec539692da409f5b2b6dc0153f65458da556ae1599a86e5f37b4
CLIENT_HANDSHAKE_TRAFFIC_SECRET 227001688c8fa3b36c30983983e7275bb6d363b38650947e8145b651912e1bb4 ea12223bbab5e69db38d5baa1a1075832c3dc8c3336746c61a8690d424088aaa
SERVER_HANDSHAKE_TRAFFIC_SECRET 227001688c8fa3b36c30983983e7275bb6d363b38650947e8145b651912e1bb4 9d04e92f71ac23435f930275c885d07ae77557f67f61dd3cf4c788858f4d8e68
CLIENT_TRAFFIC_SECRET_0 227001688c8fa3b36c30983983e7275bb6d363b38650947e8145b651912e1bb4 74857a300652bb08a219966ea9359ef6ce7724f7fa71168cf6ef5171bca30c87
SERVER_TRAFFIC_SECRET_0 227001688c8fa3b36c30983983e7275bb6d363b38650947e8145b651912e1bb4 b5e2452e6133b49216c3a090de4490564abf7cd83424c6dd2b5ec42c7a7a8b29
EXPORTER_SECRET 227001688c8fa3b36c30983983e7275bb6d363b38650947e8145b651912e1bb4 5775db46439a423252571e3d8009e2eb339c37c62bfa598667b5ca4c298014cc
CLIENT_RANDOM e640b4ac2a28d8f1277567bb8194c1d57b28a469055769f0067841077b93771f ffa574c0c0666ef44fe7216a8886076cf4cd048fad154e5f44ed7f51f47f4373797547fcda84fd9e5015732920ef59e5
CLIENT_HANDSHAKE_TRAFFIC_SECRET 91ae441875b347164be10a09617f685257ec514522c6b15fefb8fcc3a0fc4a44 0ca70d7d24c0aaeb225ee5cddf574e0ed069563900e6641ef7cc7942c4823aef
SERVER_HANDSHAKE_TRAFFIC_SECRET 91ae441875b347164be10a09617f685257ec514522c6b15fefb8fcc3a0fc4a44 a060b945e03619bf15561b3b535ffcaf5858677be075fd8a330acfa9243ea70b
CLIENT_TRAFFIC_SECRET_0 91ae441875b347164be10a09617f685257ec514522c6b15fefb8fcc3a0fc4a44 ca716360a2ef43a9cff5d0dc8eeb10dcadefe66efefe6b7b798a052cf848c7d9
SERVER_TRAFFIC_SECRET_0 91ae441875b347164be10a09617f685257ec514522c6b15fefb8fcc3a0fc4a44 f05cc59b4d19fb9b3712ae4e7a4aa085ac75ba9241feaa9f21461fb28d8e3d78
EXPORTER_SECRET 91ae441875b347164be10a09617f685257ec514522c6b15fefb8fcc3a0fc4a44 5ee1afe965404fd9c363b2b6ee9c9f3e00f52ae1b6ba67c6ea4ec31cabc79252
CLIENT_RANDOM 4b559c64be4c451eefa01de44e028254b0cda2048c1d24935685dd0097a51ef5 1bf7ac45dfdf0ebd4f4035e1bf3b1c856684331ef2acc7498a4c6c52d557ccca54f0fee774febb7acb9dec6ed03afe94
CLIENT_HANDSHAKE_TRAFFIC_SECRET 2679ade3204b12cdcb9ee5428d068fb49cea1d119ed44e71019c9f4ce86b0c9e 2bbaa72096a7d4b19a674ece56f6d04826556f71d248ec4948f2af5a346d77c8
SERVER_HANDSHAKE_TRAFFIC_SECRET 2679ade3204b12cdcb9ee5428d068fb49cea1d119ed44e71019c9f4ce86b0c9e 6a5836c4cb741c036e0f82dd8dad414e6d834c4fe83ff4d453190206e5550d28
CLIENT_TRAFFIC_SECRET_0 2679ade3204b12cdcb9ee5428d068fb49cea1d119ed44e71019c9f4ce86b0c9e 188fb69c02182b35b83eea04b7da83a29c30d854aa45ac0b4e657f29aaf79ab0
SERVER_TRAFFIC_SECRET_0 2679ade3204b12cdcb9ee5428d068fb49cea1d119ed44e71019c9f4ce86b0c9e 36c3f500352f70f1b1b315348ef4b18f88ae6c8b2d1a5eb74c51f2fd044e7a0c
EXPORTER_SECRET 2679ade3204b12cdcb9ee5428d068fb49cea1d119ed44e71019c9f4ce86b0c9e c401dc568ac79ff8697cd801aad60df787c1510b2143567b49f03438b1c4e1ae
CLIENT_HANDSHAKE_TRAFFIC_SECRET dd0e8686d47f43352527405c5703256b6a5f4984aafa992f0c9b172dc95e589f bd2d72ab5178a655648a4b00e2178e7075b07e7e373efb605ada9cbe27239524293392c365bc0d63e9ce6db358812051
SERVER_HANDSHAKE_TRAFFIC_SECRET dd0e8686d47f43352527405c5703256b6a5f4984aafa992f0c9b172dc95e589f b0982e25fb6d4246df23579b2c838de61f88959c2e35d9522bac981c9b07b50d7a3172eb326d38db03eacc26bd2cc672
CLIENT_TRAFFIC_SECRET_0 dd0e8686d47f43352527405c5703256b6a5f4984aafa992f0c9b172dc95e589f 362ddffb2c624150f152eb680207518e49df4dc06caad08e9f920da002b6d14621fd719f654acf1abd081c194d70171a
SERVER_TRAFFIC_SECRET_0 dd0e8686d47f43352527405c5703256b6a5f4984aafa992f0c9b172dc95e589f 67630fefa0a348c9e5fbee700325aadb98210c61612364c03b388d356911e1c4d895957d3af20a1cfc117e0bb3cf7b3e
EXPORTER_SECRET dd0e8686d47f43352527405c5703256b6a5f4984aafa992f0c9b172dc95e589f 35e00e85a183b6b0c54239ed8312f338c496b80f3681d68bb95bf46a54b357e4bd16dd5224c758894d4ae725e3b5a025
CLIENT_RANDOM 8bd95867027cfaa4d04c3f728ed0f229a4e580677085863b4542912b2bbd621c d8beaf208d3e5c1451819d7f35f784f433245ad7e52d2f6c866d94c5dbd78963f2bcefde1fc72e1814597470dd9bf19f
CLIENT_HANDSHAKE_TRAFFIC_SECRET 87a21608c912268950d8851756bd395e6cc2e6c84ad899228ddd79714d9a74de cf55af71387ad43c5be014e945f930076ec091908044bd6a24478c4698db63e2
SERVER_HANDSHAKE_TRAFFIC_SECRET 87a21608c912268950d8851756bd395e6cc2e6c84ad899228ddd79714d9a74de b2b6252d0dcf05f9d94e1408129a16eb54d110e6be0b13ddacf989aaa3d6804c
CLIENT_TRAFFIC_SECRET_0 87a21608c912268950d8851756bd395e6cc2e6c84ad899228ddd79714d9a74de 8cd4f72ef94407718f8ee3542ec15584379ea6eac316735cb55d378844cc939a
SERVER_TRAFFIC_SECRET_0 87a21608c912268950d8851756bd395e6cc2e6c84ad899228ddd79714d9a74de ed5501ba8931d5663dad054b83c921e28d32e6f797bd781f63ef72de7e381688
EXPORTER_SECRET 87a21608c912268950d8851756bd395e6cc2e6c84ad899228ddd79714d9a74de 3c3156ed637b96c118157ddad55b084c6d13649516b27f6eee9210f74e14d93b
CLIENT_RANDOM fc520ff425d8cdec5f0076872fb4316c1db6034bc7e029da3733a674e3ef7383 df5a1be8911e5c3ec3ce50e29baf0482f7f874867ade79cb98a7e9fa0b8266d7d8b5f13a244838fefc6bb9cc033186ae
CLIENT_RANDOM be216f6496610c415ba0aed43deb1e1aef0cd70dc2f7e808a7d1f06064a68d4a 055b1742183488b149514c63ee858ba5cb7d92f4b7c5d94cea2691c23bfd4ef4e28097d4fd039749b2ac4d4653db4049
CLIENT_RANDOM 3ce4bf38163f1d07626eca0ca28840fefe0605b660ba4bfe260285647d9a2661 68c5720a5d2e0443c2d2074a79cf2e1a60e2d11eb4b2f4cabcfbeaa17d11e03e69999373f99d66a8595d4d3638b3b7e3
CLIENT_EARLY_TRAFFIC_SECRET a956e209b04bd2ea0db2597c751acd65aeee8f2069005a1b1e65ada501016fe1 3d308efb95fb243edb82d3b4e7a4532b50001e1601163cb777358aa2cf0b7ce5
CLIENT_HANDSHAKE_TRAFFIC_SECRET a956e209b04bd2ea0db2597c751acd65aeee8f2069005a1b1e65ada501016fe1 9908bc61d24becb0e75d178d014f6312a2aff4703d3d39df6de629dfe2023c11
SERVER_HANDSHAKE_TRAFFIC_SECRET a956e209b04bd2ea0db2597c751acd65aeee8f2069005a1b1e65ada501016fe1 b81c110e3f22cc5ee34f13dd94382eadcfcc57549fdd28d6642d9aed82a975e1
CLIENT_TRAFFIC_SECRET_0 a956e209b04bd2ea0db2597c751acd65aeee8f2069005a1b1e65ada501016fe1 6dfd05f020c234a621a37b1eafea520e739bad74d9efb3def39fbc9abf26118d
SERVER_TRAFFIC_SECRET_0 a956e209b04bd2ea0db2597c751acd65aeee8f2069005a1b1e65ada501016fe1 d389972c016037788856bcec053064b6af66cbc539835ab514226e4b0953a529
EXPORTER_SECRET a956e209b04bd2ea0db2597c751acd65aeee8f2069005a1b1e65ada501016fe1 e3ca1701c894df3e99c1c7e1841e9566cf352992c703d83bca43695605769247
CLIENT_EARLY_TRAFFIC_SECRET 633f1deefd51edc6cd51867afbc29409b7d4da668fa9c23db1d4b1cfd861c807 030548ae4ec07b8a70b43851e29da4d70abd231f27f1fb126ba22db9be1eb8cb
CLIENT_HANDSHAKE_TRAFFIC_SECRET 633f1deefd51edc6cd51867afbc29409b7d4da668fa9c23db1d4b1cfd861c807 bf383de51179909ca7651ab2a375b3f57e4b50a54c47e52cd775a1feb813814b
SERVER_HANDSHAKE_TRAFFIC_SECRET 633f1deefd51edc6cd51867afbc29409b7d4da668fa9c23db1d4b1cfd861c807 3601fb14326cec255bea88f93023b9e1d1c0f61878a54c5ede5e658428e71dbc
CLIENT_TRAFFIC_SECRET_0 633f1deefd51edc6cd51867afbc29409b7d4da668fa9c23db1d4b1cfd861c807 0a37958a0535f777fac075b7a20f3fe75d820d4e020457b8302cf86640e4e408
SERVER_TRAFFIC_SECRET_0 633f1deefd51edc6cd51867afbc29409b7d4da668fa9c23db1d4b1cfd861c807 a7a1db6799cb66181b5011a85f59dafc328446ff8150c6099870a8ee499843f9
EXPORTER_SECRET 633f1deefd51edc6cd51867afbc29409b7d4da668fa9c23db1d4b1cfd861c807 f4a5c01962e5178f27a9162f91a2df1c8527112f0303777092a498a90a81cfdb
CLIENT_EARLY_TRAFFIC_SECRET 77e82c172d765329b1cb78a3591c9501df23a6bbf10a6759abd5e3cdc071aac7 27921393eb425f05c6bfce8834294b14bf8fcbec71d02b357431509399982ec3
CLIENT_HANDSHAKE_TRAFFIC_SECRET 77e82c172d765329b1cb78a3591c9501df23a6bbf10a6759abd5e3cdc071aac7 a5516f1049ee5e526a3b7aa5b943fc3ec340d4d523cff3646f88bdc17dd02bac
SERVER_HANDSHAKE_TRAFFIC_SECRET 77e82c172d765329b1cb78a3591c9501df23a6bbf10a6759abd5e3cdc071aac7 0d644d92b85ea20d4cbae3388a1de030f25a6794709662db5d66f232f66d62ca
CLIENT_TRAFFIC_SECRET_0 77e82c172d765329b1cb78a3591c9501df23a6bbf10a6759abd5e3cdc071aac7 24b32c9cb28e480bd9d0a94e8b61727705cf6ede7be4cd0f729522ca8ba67d6d
SERVER_TRAFFIC_SECRET_0 77e82c172d765329b1cb78a3591c9501df23a6bbf10a6759abd5e3cdc071aac7 3fe2462705eac86e6309186a4dea6e66dff48a099b63d1e522ee4d8ccdcf9fdc
EXPORTER_SECRET 77e82c172d765329b1cb78a3591c9501df23a6bbf10a6759abd5e3cdc071aac7 b506e92fec2a40294bf85e98188b448b7a8122af2e73fb5e0dbe046bb9eeccf2
CLIENT_EARLY_TRAFFIC_SECRET 7d46a29efc4225eb9bab322b86a7a2941755d5798e0aad36fb93bee10200386d a2a37509014d9bffa0b6c110fff0382a595636dad84012e38b00fadfa0caa9cc
CLIENT_EARLY_TRAFFIC_SECRET 99b4d5ca34b769c7f87e2bdf5876cc4322c27f136bb0bd019c3a6038ef52d3f6 6f3cfe2b61384f087105fba9a164e50983b60b2116c7efa70f5794ab17a7578c
CLIENT_HANDSHAKE_TRAFFIC_SECRET 99b4d5ca34b769c7f87e2bdf5876cc4322c27f136bb0bd019c3a6038ef52d3f6 f944d34fa864a36195473b2cbc7a46dafacb5ad3a69a52c4661f49e4ca3e9b84
SERVER_HANDSHAKE_TRAFFIC_SECRET 99b4d5ca34b769c7f87e2bdf5876cc4322c27f136bb0bd019c3a6038ef52d3f6 17f94a43537f2e80864fbbf64e87cb939061fe2430e47011a1b58823c27149f7
CLIENT_TRAFFIC_SECRET_0 99b4d5ca34b769c7f87e2bdf5876cc4322c27f136bb0bd019c3a6038ef52d3f6 10a780365945d0cef4cbb056887d26f9c06ecff01787c759f12f256f78f97c7f
SERVER_TRAFFIC_SECRET_0 99b4d5ca34b769c7f87e2bdf5876cc4322c27f136bb0bd019c3a6038ef52d3f6 688aab3f6b29ba1e70ece427631d6da241e89267bf887f35a8c2a70d4bc5ea89
EXPORTER_SECRET 99b4d5ca34b769c7f87e2bdf5876cc4322c27f136bb0bd019c3a6038ef52d3f6 02547f7be6d1f67cb3e295254a182226fbdf31ba8d0f8904a15fb6cd7365c37b
CLIENT_EARLY_TRAFFIC_SECRET e7928e3443c5baa4b1c11a87fc60db410d5d31342b6adadd222652bb5ce86f21 3d247ac23bf75c7c941ee3c8ee3b5307cb0e8999c6ad1f8e4d640ebe55a07f50
CLIENT_HANDSHAKE_TRAFFIC_SECRET e7928e3443c5baa4b1c11a87fc60db410d5d31342b6adadd222652bb5ce86f21 fdcb7be1663b30ec1ac12bd2b7802483b055f37da648033cd1d5e2b59cabd880
SERVER_HANDSHAKE_TRAFFIC_SECRET e7928e3443c5baa4b1c11a87fc60db410d5d31342b6adadd222652bb5ce86f21 d3f617d506b526f4c413462f8eda14cccc63f1d31d6e67bec786bdd69c715fc6
CLIENT_TRAFFIC_SECRET_0 e7928e3443c5baa4b1c11a87fc60db410d5d31342b6adadd222652bb5ce86f21 ec1c812d1c083a2c2ae5770b88c1ac0f952250ad76eb3a5dbb97d4059a3218a3
SERVER_TRAFFIC_SECRET_0 e7928e3443c5baa4b1c11a87fc60db410d5d31342b6adadd222652bb5ce86f21 ccc4d67391e22085f3f7ededae3a2c5f586a08a683c9358fdecb44672a58ed7e
EXPORTER_SECRET e7928e3443c5baa4b1c11a87fc60db410d5d31342b6adadd222652bb5ce86f21 783bfa4122393b9ab22d93e68d0f6a05517af0d8731643ce7a3c2f01228602ca
CLIENT_HANDSHAKE_TRAFFIC_SECRET 0686401ef5c7d75cb53e8ff1bacfabc3a58471057b4b4feb16b409b8815a0c72 faca5a42b914bcc558099482e85033eb04d645f767dd01096d5693534beaa456
SERVER_HANDSHAKE_TRAFFIC_SECRET 0686401ef5c7d75cb53e8ff1bacfabc3a58471057b4b4feb16b409b8815a0c72 77d8c40a7a15b29d435ac9ab64f3b8e5172b7fe76393c9d76f72833e3fb6e434
CLIENT_TRAFFIC_SECRET_0 0686401ef5c7d75cb53e8ff1bacfabc3a58471057b4b4feb16b409b8815a0c72 74503d821e3e5b4ae7b0eea6ab0db14d7ef2226b90e8be534651210bf18c93c9
SERVER_TRAFFIC_SECRET_0 0686401ef5c7d75cb53e8ff1bacfabc3a58471057b4b4feb16b409b8815a0c72 48b06dbd450893c48a597a1141a2dac2894d2500f6cfb128add318f00a4056ba
EXPORTER_SECRET 0686401ef5c7d75cb53e8ff1bacfabc3a58471057b4b4feb16b409b8815a0c72 8c8ff615e9350ecb333eefd3bf99262ce6b6d4cdb4234fd728d0ee6a6b506fd5
CLIENT_HANDSHAKE_TRAFFIC_SECRET 902f7b3fa571abda17e7e30e9d308c35703bc05ea0a8e3ef221952bfd638bf54 05c098f53840614f28edb53435404162a67e3d0f22729f5cddc0a91be2075d1c
SERVER_HANDSHAKE_TRAFFIC_SECRET 902f7b3fa571abda17e7e30e9d308c35703bc05ea0a8e3ef221952bfd638bf54 ed139c2b5b89af14e7dee06f8c17c05cc08c55525d0a9898356bb9dcc31c58a6
CLIENT_TRAFFIC_SECRET_0 902f7b3fa571abda17e7e30e9d308c35703bc05ea0a8e3ef221952bfd638bf54 0f3abb86c3f468f9a7229ac1b51340c82512d7714862c1b2c65eafc0afd618e6
SERVER_TRAFFIC_SECRET_0 902f7b3fa571abda17e7e30e9d308c35703bc05ea0a8e3ef221952bfd638bf54 c4633db1cb97f39912510aa9601e2b5842f9a0205b970b0f53bc4c40a0d1e3c5
EXPORTER_SECRET 902f7b3fa571abda17e7e30e9d308c35703bc05ea0a8e3ef221952bfd638bf54 2e9e00610b0fd971461f40479b2b4e478433771faa27598a1763e979780262d7
CLIENT_HANDSHAKE_TRAFFIC_SECRET 6d2aa5e3a15b5bb8d7a97140aa357812b2ac25a5b7af4ccfce6acd6959cd565b 24ca55b0142731c62df44c289ed2a4147c9c82347e1876ea0d7187f94dc89ac3
SERVER_HANDSHAKE_TRAFFIC_SECRET 6d2aa5e3a15b5bb8d7a97140aa357812b2ac25a5b7af4ccfce6acd6959cd565b 47979b4c81acb0402e6ab20a720b11f0ee09d5151902497fa034c8b979a272b4
CLIENT_TRAFFIC_SECRET_0 6d2aa5e3a15b5bb8d7a97140aa357812b2ac25a5b7af4ccfce6acd6959cd565b 6f1e972f76fcb32cbdbe19e5e05d876740f00e9b5bcdd4d3ccfcba8ba15b98a7
SERVER_TRAFFIC_SECRET_0 6d2aa5e3a15b5bb8d7a97140aa357812b2ac25a5b7af4ccfce6acd6959cd565b 6e90e602cbfe0479bc3401d3438b98dc0e0bf6366acc47a0745e0e03b93f16f4
EXPORTER_SECRET 6d2aa5e3a15b5bb8d7a97140aa357812b2ac25a5b7af4ccfce6acd6959cd565b 3298c03ee32e18adfa677f1d986a748a6e587f918f00ad272e25f07dfbc11523
CLIENT_EARLY_TRAFFIC_SECRET 99a490c63f6264f403ea281141847704dae949b373b7f9a77bb09f5b6160b936 1394498e4aa84384a9a51e021b5b25e4e0311db6553d38d5e6514dd2cbc7bba8
CLIENT_HANDSHAKE_TRAFFIC_SECRET 99a490c63f6264f403ea281141847704dae949b373b7f9a77bb09f5b6160b936 306e01550b33346f111566efc62da37b03f8690a58157f4652b89fcdae9eb924
SERVER_HANDSHAKE_TRAFFIC_SECRET 99a490c63f6264f403ea281141847704dae949b373b7f9a77bb09f5b6160b936 bf3b6f4fcdb52764c5d00f7f7c2503fe9d24c8dff51eb6f9c35cc633917519f6
CLIENT_TRAFFIC_SECRET_0 99a490c63f6264f403ea281141847704dae949b373b7f9a77bb09f5b6160b936 3cd2de41d0b79768c241e3626630a9c38cee8fad5642e8ff0625f363c3e0f159
SERVER_TRAFFIC_SECRET_0 99a490c63f6264f403ea281141847704dae949b373b7f9a77bb09f5b6160b936 186d9d2132e00929fcced446e77891cf13fa52237ae1af0e7da5a43796708f8e
EXPORTER_SECRET 99a490c63f6264f403ea281141847704dae949b373b7f9a77bb09f5b6160b936 811dff462aec022d09eead297be6a60f294324fb3e54a15a2fc94971e2d7f1a0
CLIENT_HANDSHAKE_TRAFFIC_SECRET 69f7ce10172d4d478ba555f683a73fa98412b7419e9804e7ca47a4bd349567dd 339d412caa17d99dbeeb758b48881bb45c9d97ce248f72f0abbbf08a20e96013
SERVER_HANDSHAKE_TRAFFIC_SECRET 69f7ce10172d4d478ba555f683a73fa98412b7419e9804e7ca47a4bd349567dd 95d43e7ecdf54e81341a844af2f4c0f1b067d160c178dc9ce963cb52ffbb65dc
CLIENT_TRAFFIC_SECRET_0 69f7ce10172d4d478ba555f683a73fa98412b7419e9804e7ca47a4bd349567dd 53e5d7a9995641eb8c5aa5286d584942bd71fd599b4f2cf355acd9b4ba690fef
SERVER_TRAFFIC_SECRET_0 69f7ce10172d4d478ba555f683a73fa98412b7419e9804e7ca47a4bd349567dd 950d9004cd469f0ec0582264b66428e8a615ce4bb8d665343a8a442b8954bfcc
EXPORTER_SECRET 69f7ce10172d4d478ba555f683a73fa98412b7419e9804e7ca47a4bd349567dd eaca8fd05b46d0ab9e3f802053ed9d903b00f0da96260afa9369196c92a1f783
CLIENT_HANDSHAKE_TRAFFIC_SECRET d32293dd8882f4a9f1786b6402ac8eb6127ce9cdc4f6dbb5a1cb71546ce3f703 163a27662768f23f3fd470ed8abc352d33e7c68bfd92343a7c1c18f40222bbf0
SERVER_HANDSHAKE_TRAFFIC_SECRET d32293dd8882f4a9f1786b6402ac8eb6127ce9cdc4f6dbb5a1cb71546ce3f703 a94d56a06c27e43bc47b664a88f6e51bbf9064f66fc256caef6ba5575c8ba433
CLIENT_TRAFFIC_SECRET_0 d32293dd8882f4a9f1786b6402ac8eb6127ce9cdc4f6dbb5a1cb71546ce3f703 6ba196ee263da366d08b1b1ef8eac6604e871267888fff1bf021008641bd7435
SERVER_TRAFFIC_SECRET_0 d32293dd8882f4a9f1786b6402ac8eb6127ce9cdc4f6dbb5a1cb71546ce3f703 876482edb4f2ccc93a6ddd6b6a4d10a3b6aed4eca165a5d992197b4de36d1a19
EXPORTER_SECRET d32293dd8882f4a9f1786b6402ac8eb6127ce9cdc4f6dbb5a1cb71546ce3f703 f12ad8037c9af4cc703a150831bf62af37fdbf40c1d288e1231a0e2b92ead5a9
CLIENT_HANDSHAKE_TRAFFIC_SECRET 14627a836cfecb2c3c78e91754dcad94f42dc5cc36e51014996f59d7d7ab39f6 70c073ddf11ed59cb6290834d9ac7a5f80c3b8c3dbca0587e16a9b05be9be44c
SERVER_HANDSHAKE_TRAFFIC_SECRET 14627a836cfecb2c3c78e91754dcad94f42dc5cc36e51014996f59d7d7ab39f6 29527e317d70b7ed07bb6e43e43426199a6b29889a1740b60f2581838e8e11cd
CLIENT_TRAFFIC_SECRET_0 14627a836cfecb2c3c78e91754dcad94f42dc5cc36e51014996f59d7d7ab39f6 0836fac205e55e88a32d7158c47def889cc153a53add42e44da87e5186a8852d
SERVER_TRAFFIC_SECRET_0 14627a836cfecb2c3c78e91754dcad94f42dc5cc36e51014996f59d7d7ab39f6 7db99cbdd581caaa9c81eb690a8efd0ae7b12718056f7501253875e276daa7bc
EXPORTER_SECRET 14627a836cfecb2c3c78e91754dcad94f42dc5cc36e51014996f59d7d7ab39f6 7cd4e8b78007e5e8eef528bc1cefafeb40c77f0940b7314136c11a2224a142ca
CLIENT_HANDSHAKE_TRAFFIC_SECRET 36ed90f1d3e2cf2bc98cbf470176425afe498d5eb33167999f580a55ae3e3b30 fc887679e9766867b3c0e816db77074f9f7af6b23a2b263e1d8bcd8648a5da13
SERVER_HANDSHAKE_TRAFFIC_SECRET 36ed90f1d3e2cf2bc98cbf470176425afe498d5eb33167999f580a55ae3e3b30 816b3c88bd7e96bfda4ab784d540815aca29509f558c276cea9b0c5f0fa63581
CLIENT_TRAFFIC_SECRET_0 36ed90f1d3e2cf2bc98cbf470176425afe498d5eb33167999f580a55ae3e3b30 20f0738e67cc1e17037fbb875bbb96d2fe1e5c145d521213102679a2416620fb
SERVER_TRAFFIC_SECRET_0 36ed90f1d3e2cf2bc98cbf470176425afe498d5eb33167999f580a55ae3e3b30 9b05f0a1e562ca0b97647c0b4673f8236b248a0ff00b48c71ee08baa11acaef4
EXPORTER_SECRET 36ed90f1d3e2cf2bc98cbf470176425afe498d5eb33167999f580a55ae3e3b30 68573b9cca68622f5a740efbcbbc810632c934bb615ac352e27ba1262f4e3ec5
CLIENT_HANDSHAKE_TRAFFIC_SECRET 458f73d6ee99c7eff3c2cb70882236e80fe02970d984830efa27892b073a788f eb4dfac3f3b448ec869df8013bde2fdf919c14e11ead8f72f2e7572f8e417d0a
SERVER_HANDSHAKE_TRAFFIC_SECRET 458f73d6ee99c7eff3c2cb70882236e80fe02970d984830efa27892b073a788f 146cee02241e5aa6f440d1ce8c660cc6e9f935a34fc2638f5bd92494d7ff1c2c
CLIENT_TRAFFIC_SECRET_0 458f73d6ee99c7eff3c2cb70882236e80fe02970d984830efa27892b073a788f 4533e34bec002e85ac88c748c3e904b00d4a31f710d171cc2cf8c53043a5520e
SERVER_TRAFFIC_SECRET_0 458f73d6ee99c7eff3c2cb70882236e80fe02970d984830efa27892b073a788f d84836ff2d32e6d7bb85097b5794f8709eef7c6505aa8f15f909739c925c964a
EXPORTER_SECRET 458f73d6ee99c7eff3c2cb70882236e80fe02970d984830efa27892b073a788f 77d1ce80f17c63158a3599a142c677266067df5d9e6661fe7429a77441124964
CLIENT_HANDSHAKE_TRAFFIC_SECRET 6e00acb8ad0895de2ab818bf54174d1edbf78cfb95db547ed6ac03c0a9f8f594 f1f1212fc6ca502a12ab37e9d0d357c636c4003c682e79c43a5b6c1594302193
SERVER_HANDSHAKE_TRAFFIC_SECRET 6e00acb8ad0895de2ab818bf54174d1edbf78cfb95db547ed6ac03c0a9f8f594 fadca4561cc306ec5b0c7548a5d3130084e1069f4d20165b11f011c481c7b57b
CLIENT_TRAFFIC_SECRET_0 6e00acb8ad0895de2ab818bf54174d1edbf78cfb95db547ed6ac03c0a9f8f594 4eb70fe5fcdff0daf930c756543468b924b98592c83ad34ec7c96450b9ee0935
SERVER_TRAFFIC_SECRET_0 6e00acb8ad0895de2ab818bf54174d1edbf78cfb95db547ed6ac03c0a9f8f594 ddfdf00b1cfb982e61fec80a89de675e8a6d395650e2d5f304fce4b7c885573a
EXPORTER_SECRET 6e00acb8ad0895de2ab818bf54174d1edbf78cfb95db547ed6ac03c0a9f8f594 a0765e0e0f3b055bf4db5f9bbcfaaffb7c34317974d4b569b811184d402a7c6e
CLIENT_HANDSHAKE_TRAFFIC_SECRET 0ff883da683734288f1ce0d75a94572d7f702c7b35221e9a26d67079eec60674 1ae1195210bb486cf9b38f6d14f1f253a461c0cc80cd3beee9ee9a0a6cad9420
SERVER_HANDSHAKE_TRAFFIC_SECRET 0ff883da683734288f1ce0d75a94572d7f702c7b35221e9a26d67079eec60674 41a96b7a8b4374408815b5690f5aa29b55e5f21d89ff8e26ed33e8b3da7e3c83
CLIENT_TRAFFIC_SECRET_0 0ff883da683734288f1ce0d75a94572d7f702c7b35221e9a26d67079eec60674 5443435d11a1b9f183e418a9cb4cd1c27e6077c30f188d952c7276a765487851
SERVER_TRAFFIC_SECRET_0 0ff883da683734288f1ce0d75a94572d7f702c7b35221e9a26d67079eec60674 e3cd1c82d80ba9d8cb4ede212e4d23503a501889e119a62426fc6ed7dc83e952
EXPORTER_SECRET 0ff883da683734288f1ce0d75a94572d7f702c7b35221e9a26d67079eec60674 49a972bdac0a481684c34db6dc2453bdd6864d27b38f60a53d1a83b4fb60e523
CLIENT_EARLY_TRAFFIC_SECRET a2f107ac252778163445ec60c0cead6bd4eb202966a7eab27ddcf1140053194a 352e748ab0fb21b3fe0a6d5511598f922537a63b55c3507bb4f51f501ad94294
CLIENT_HANDSHAKE_TRAFFIC_SECRET 5e206875938e624bc3cfe8521bc7023e01a1ba82b63c646bf0732f76e7153f98 ac7fcfd8fe35d80b69bba9e217646fd79f7d97785a7d0e34ad349c9629b2c6b7
SERVER_HANDSHAKE_TRAFFIC_SECRET 5e206875938e624bc3cfe8521bc7023e01a1ba82b63c646bf0732f76e7153f98 db893675bae10c4fd67c9814e3173289bfc90a2c083d30f603a42fd6fbd40c45
CLIENT_TRAFFIC_SECRET_0 5e206875938e624bc3cfe8521bc7023e01a1ba82b63c646bf0732f76e7153f98 9b38551c7064663c8e39b41f4d54e83f5c906ebf35ce680e90c9b22c765e9078
SERVER_TRAFFIC_SECRET_0 5e206875938e624bc3cfe8521bc7023e01a1ba82b63c646bf0732f76e7153f98 aad824cce7a65281c889fdf3453b883d696e3baacca2bba72720d6428fbd6626
EXPORTER_SECRET 5e206875938e624bc3cfe8521bc7023e01a1ba82b63c646bf0732f76e7153f98 aa59cd7ac9b9a9b4e99a5b73451fb1b8a87737222aa682273f2a9ec82605e5c5
CLIENT_HANDSHAKE_TRAFFIC_SECRET 7b64fa3d0979ba6f4c7b5e0896b92834b45c6c88051cdf704e5eed8f316e4a5d ff4a98514c8d01a1eed474a8a3072cbc4b64a83ed37a1181bf92621cfc256ff1
SERVER_HANDSHAKE_TRAFFIC_SECRET 7b64fa3d0979ba6f4c7b5e0896b92834b45c6c88051cdf704e5eed8f316e4a5d ad4abd654fd05145a68bacd7f947dbdb165c2294a81af9b8d7ce0ab99d7ef282
CLIENT_TRAFFIC_SECRET_0 7b64fa3d0979ba6f4c7b5e0896b92834b45c6c88051cdf704e5eed8f316e4a5d f297b23c1ff9f410a9a865eda52757dc8ee831353075aa80f89b05e96439e287
SERVER_TRAFFIC_SECRET_0 7b64fa3d0979ba6f4c7b5e0896b92834b45c6c88051cdf704e5eed8f316e4a5d 872efbdfb2d8fd974bb22e78e2b44d26f1377e936bc02d6d51137839cfdc91ba
EXPORTER_SECRET 7b64fa3d0979ba6f4c7b5e0896b92834b45c6c88051cdf704e5eed8f316e4a5d ea83f3b918f3f4791e8ff488f7048e508fa19cfaaaf16cf14217138a03ce6aa1
CLIENT_HANDSHAKE_TRAFFIC_SECRET cb15ee5e2516183cc061119c1b4e011ea1817fd3784b232c0c153315504658f1 777407ce65325fad019eadc9672a85983937af39d4a88fddf9d4bf78da0a9c63
SERVER_HANDSHAKE_TRAFFIC_SECRET cb15ee5e2516183cc061119c1b4e011ea1817fd3784b232c0c153315504658f1 99bd59529261b6b5b44d942c36c7c4ba0c0277af1bfb1f03e3d082de55752dc7
CLIENT_TRAFFIC_SECRET_0 cb15ee5e2516183cc061119c1b4e011ea1817fd3784b232c0c153315504658f1 a4555ef244b16d64106d17966d3c23f855acbe9e0479d575b389444523094113
SERVER_TRAFFIC_SECRET_0 cb15ee5e2516183cc061119c1b4e011ea1817fd3784b232c0c153315504658f1 2fc61741639a4555e0753b8db7652410cee1f14d3df0707f8998b48c95129900
EXPORTER_SECRET cb15ee5e2516183cc061119c1b4e011ea1817fd3784b232c0c153315504658f1 9b6d473b48888491d75c42e83ba08950af5f0118a51d347b4aa3ca05e556967c
CLIENT_HANDSHAKE_TRAFFIC_SECRET 7f503f944288a7b55d505d4f60afbeabcb9601c09d6e217e18dddf50dbb820a3 cef7dbf267fabd7c0778f29b50ecb74c142f2d9f09d8aceeb5ba8ded6b641f0f
SERVER_HANDSHAKE_TRAFFIC_SECRET 7f503f944288a7b55d505d4f60afbeabcb9601c09d6e217e18dddf50dbb820a3 4a44d42af15e4d9acdec617cc7f9d6de52171195c7bff5668cc33bbfe2b8299c
CLIENT_TRAFFIC_SECRET_0 7f503f944288a7b55d505d4f60afbeabcb9601c09d6e217e18dddf50dbb820a3 667d728d4a913ce9e4d03418a4726cc05efcced352cee1bce05ca93208889541
SERVER_TRAFFIC_SECRET_0 7f503f944288a7b55d505d4f60afbeabcb9601c09d6e217e18dddf50dbb820a3 db26dd02b6a7f41659d9ec1ba192288c900cb040ab7283b646088c2318560f3c
EXPORTER_SECRET 7f503f944288a7b55d505d4f60afbeabcb9601c09d6e217e18dddf50dbb820a3 1f82c45ad1c837bff4f068765d10b9f0804b95487c0e68245d7e58c21aa9998a
CLIENT_HANDSHAKE_TRAFFIC_SECRET 9d76d925b92b19dc431e48e0d122bcf4c0923e69f5dfc2c48cf793acabbb60f4 72d22630ee718e274110a21650363beaf6d5fdc0dcce13960f1f6cb3dc958076f68a72cf0adc7b5e2d31b76b44fa0117
SERVER_HANDSHAKE_TRAFFIC_SECRET 9d76d925b92b19dc431e48e0d122bcf4c0923e69f5dfc2c48cf793acabbb60f4 931c62411470d3b297e1e1f58ad5de9240a815a8be7c5e221a9ef802b51f20afd202cc2156757fc54b4bc9ef2cf59d56
CLIENT_HANDSHAKE_TRAFFIC_SECRET c9ce015998b6900aa3f05a6c085ebf362bab253fd0b081d15116457ac7e62000 3df03156d73bfd5494bea647307fab4853e124e1a945ad06a2c5a037504d2f317419a25cc17e5d31a60040f009520482
SERVER_HANDSHAKE_TRAFFIC_SECRET c9ce015998b6900aa3f05a6c085ebf362bab253fd0b081d15116457ac7e62000 a02a38ba1e3a2fde13616005a0b65f7922236e985682ab4b2456d12027148fc3a7f2438609fbcbff5947d28d225564c8
CLIENT_TRAFFIC_SECRET_0 c9ce015998b6900aa3f05a6c085ebf362bab253fd0b081d15116457ac7e62000 4a69943ff20ba815bb7a14e4e7d0115d9de668fd78ae5b86309b1cbe6488503338625dda0225cb0e62461eb752d7651c
SERVER_TRAFFIC_SECRET_0 c9ce015998b6900aa3f05a6c085ebf362bab253fd0b081d15116457ac7e62000 589065605b17ac879cd4b8d0c56b4932db453bd21660d557495cdee2d81bc2ce5ae396645be7fa24167b6a4ad791b95a
EXPORTER_SECRET c9ce015998b6900aa3f05a6c085ebf362bab253fd0b081d15116457ac7e62000 c0ea343f7855db6a6b2e56310f0796462b8115f98530734bad3af2f95dd8e4e0fcaaebb1104c64227313a5b4fd808176
CLIENT_EARLY_TRAFFIC_SECRET 706dd258c3a8fbcd72e24abac6294f12c94cfaed47b682758e96b41ff0768451 da5da17fd474d1dae05e67160f8a8d6a6fbb875198ba7d3cc55ec3ec20805821
CLIENT_HANDSHAKE_TRAFFIC_SECRET 706dd258c3a8fbcd72e24abac6294f12c94cfaed47b682758e96b41ff0768451 c9474728e2729f9301fdef0b2d95fe65bb829e0b476ef17787bf70c7641d31ea
SERVER_HANDSHAKE_TRAFFIC_SECRET 706dd258c3a8fbcd72e24abac6294f12c94cfaed47b682758e96b41ff0768451 d7d725d65ee8c7d650723968428a1bb9d9ad8276c1fa53fedceedea6f7cbf675
CLIENT_TRAFFIC_SECRET_0 706dd258c3a8fbcd72e24abac6294f12c94cfaed47b682758e96b41ff0768451 f9a6c136437afdf969583b0c66d70ee09b8ef0ae1fdc9caef15311d2f314a663
SERVER_TRAFFIC_SECRET_0 706dd258c3a8fbcd72e24abac6294f12c94cfaed47b682758e96b41ff0768451 d2bc36cc9f8dc942af4a8f6ffa305900b429b4b3cedcb0ea9115f8edef95679f
EXPORTER_SECRET 706dd258c3a8fbcd72e24abac6294f12c94cfaed47b682758e96b41ff0768451 5ae9934fe6cab59ec5e6bf60248c9b62a959c3aedbfdb455994e8305d5255386
CLIENT_EARLY_TRAFFIC_SECRET ab20517e7486de4e3ef3be4f75e1af7d9fe184e1a03300abe94ce9b4bb7902bf 547187713999afa229f830612ad2b129a216defda0c82388a3da44134431fdcb
CLIENT_HANDSHAKE_TRAFFIC_SECRET ab20517e7486de4e3ef3be4f75e1af7d9fe184e1a03300abe94ce9b4bb7902bf ce930a4a7b2eeefc9e989f16ef989d2ae5e62d8008bbba79cf78bf3083a80440
SERVER_HANDSHAKE_TRAFFIC_SECRET ab20517e7486de4e3ef3be4f75e1af7d9fe184e1a03300abe94ce9b4bb7902bf 774c0074d5f40a09e2f9e529f78ddfaf52c5bc3cd070c6795dd51c43b5cb5e36
CLIENT_TRAFFIC_SECRET_0 ab20517e7486de4e3ef3be4f75e1af7d9fe184e1a03300abe94ce9b4bb7902bf 1b2f094b44fd4287e9401a2f46b2061acc4f80c70e60e405075b2be5fdf07c9a
SERVER_TRAFFIC_SECRET_0 ab20517e7486de4e3ef3be4f75e1af7d9fe184e1a03300abe94ce9b4bb7902bf 264d5aa9bbc8baf7c3e5f9e94742f9ec18454a5f059bafdadbd8a144cf1238fa
EXPORTER_SECRET ab20517e7486de4e3ef3be4f75e1af7d9fe184e1a03300abe94ce9b4bb7902bf 4579823c2ade031a04714bce458d01bb46c47ed0453b2bd96e44af388fbfaa98
CLIENT_EARLY_TRAFFIC_SECRET 74a86a6b0c8204a5e52bd1673203728cc229f25b9d44efec558f1766c7914c54 f26359a14aa77f9341c759379326f249c1c52f0747f5b32f573e37bda542f113
CLIENT_HANDSHAKE_TRAFFIC_SECRET 74a86a6b0c8204a5e52bd1673203728cc229f25b9d44efec558f1766c7914c54 5c902ac1a4c71e38f040bd74ec031b6310dd12b93c46ecd35a113ca24fb02967
SERVER_HANDSHAKE_TRAFFIC_SECRET 74a86a6b0c8204a5e52bd1673203728cc229f25b9d44efec558f1766c7914c54 975090e5d587d6d8f8dd967fa8e6c5d486ae04ae8e1749b6f00920dbdbdbbc9d
CLIENT_TRAFFIC_SECRET_0 74a86a6b0c8204a5e52bd1673203728cc229f25b9d44efec558f1766c7914c54 d82babb754082fa7dd4e95947627bdd275ef3e9b518a8baefc4f4e9868d65ee8
SERVER_TRAFFIC_SECRET_0 74a86a6b0c8204a5e52bd1673203728cc229f25b9d44efec558f1766c7914c54 16a855010938e9cc5ac85a8d09e9d71730caedaa7e4cf8e19b28c4f7ac1b36b4
EXPORTER_SECRET 74a86a6b0c8204a5e52bd1673203728cc229f25b9d44efec558f1766c7914c54 2fc505daa850bad242cee7e709c656ca271dda8881073a84b39f1fe04989e438
CLIENT_EARLY_TRAFFIC_SECRET f73e056457812ce5b7002c4f3999335d7d1f8be0d768547007e65d3d12118fe5 c8f39c49731b04eb8a61d2d8f49e5ba94eb7058eb433e5cb0ed2d757fca418a0
CLIENT_HANDSHAKE_TRAFFIC_SECRET f73e056457812ce5b7002c4f3999335d7d1f8be0d768547007e65d3d12118fe5 5d08bd896586f6c975f6853f074ce86151b45fdccf8a7bea5d2214a3881f9c76
SERVER_HANDSHAKE_TRAFFIC_SECRET f73e056457812ce5b7002c4f3999335d7d1f8be0d768547007e65d3d12118fe5 43df1e4808d8a90558069af21f3b9b3e6f35df85eb03b4c0641d71b860b44b63
CLIENT_TRAFFIC_SECRET_0 f73e056457812ce5b7002c4f3999335d7d1f8be0d768547007e65d3d12118fe5 c41e1c801bcd3cda0582d9fab65e1e4aa75be47f70f3a5030ea26dc33eae11fa
SERVER_TRAFFIC_SECRET_0 f73e056457812ce5b7002c4f3999335d7d1f8be0d768547007e65d3d12118fe5 aa5477728cabc9667ee0d6d23025ce4cce56835a767d1d5acad36a38e7a3c803
EXPORTER_SECRET f73e056457812ce5b7002c4f3999335d7d1f8be0d768547007e65d3d12118fe5 74d73927c960d12ce2a7e6a579a0ee91344dada9e2dcb11869218fb89926f790
CLIENT_EARLY_TRAFFIC_SECRET b814eb1d989820150c965b480501bcfefd7f04a876749ea10942f5ee8126b556 51f70aeff2ac1d5d11518dbe976fc84e46b06d3c0dd4b738ba4f85c4f150128b
CLIENT_HANDSHAKE_TRAFFIC_SECRET b814eb1d989820150c965b480501bcfefd7f04a876749ea10942f5ee8126b556 17069b93471c31f1a68d879ecbcb3c337976de89151601e56aa7fe36cdc458a9
SERVER_HANDSHAKE_TRAFFIC_SECRET b814eb1d989820150c965b480501bcfefd7f04a876749ea10942f5ee8126b556 bf7196ff9b0606a850d77a7bf980e6275b732a0a6a70dd789ee47e3324c7a97b
CLIENT_TRAFFIC_SECRET_0 b814eb1d989820150c965b480501bcfefd7f04a876749ea10942f5ee8126b556 0ac54a17c0d20fb54b61f885df9c62ca1300234f21553a49017c70c8215fc1ec
SERVER_TRAFFIC_SECRET_0 b814eb1d989820150c965b480501bcfefd7f04a876749ea10942f5ee8126b556 85b6622175e2c6b71e6b5fb37f017cac514c722bfa07a921778d292e79f12ece
EXPORTER_SECRET b814eb1d989820150c965b480501bcfefd7f04a876749ea10942f5ee8126b556 16c24b4f36259583cd4f0133f78e04ad11332be14c2cd6acb3153dde12af7a17
CLIENT_EARLY_TRAFFIC_SECRET 402cbf0f5734c7fb61757be4c596e482d371321b9cf49e759152b6f6c2734a52 369372870267e5a7e5ee80b80ffab113ab2d41d8727af341b3b1a4d3d4f111c3
CLIENT_HANDSHAKE_TRAFFIC_SECRET 402cbf0f5734c7fb61757be4c596e482d371321b9cf49e759152b6f6c2734a52 8683c71b7a9442c1bdd185dcc24ac3c84195a8783a4ea318694ca2054d4416a9
SERVER_HANDSHAKE_TRAFFIC_SECRET 402cbf0f5734c7fb61757be4c596e482d371321b9cf49e759152b6f6c2734a52 9953ba733452e238db81fc40cb5d54e5b68a9d232434521b6e566ee497cdde78
CLIENT_TRAFFIC_SECRET_0 402cbf0f5734c7fb61757be4c596e482d371321b9cf49e759152b6f6c2734a52 28a299ee56b6ff25def4f95c80b17319dfb4449a0f5273c0754d42e21440bb9a
SERVER_TRAFFIC_SECRET_0 402cbf0f5734c7fb61757be4c596e482d371321b9cf49e759152b6f6c2734a52 b670ff10ef47257660e946e4d4e27799ef40d7de6e5c9dfc9bd3aefecf8f1c08
EXPORTER_SECRET 402cbf0f5734c7fb61757be4c596e482d371321b9cf49e759152b6f6c2734a52 e30465228a6aec9425e93ec506cdb4566e34f39225d6f9177f9138efa950e5f2
CLIENT_HANDSHAKE_TRAFFIC_SECRET 5467bcbd2b6b88896d6adf0ff82a8be7d758d7200df922f6aa8c38fbac3665fe c4b271e6743fe1c5f7c27d588dab0da5d911f0bdc23194b04b6f9a484475a731
SERVER_HANDSHAKE_TRAFFIC_SECRET 5467bcbd2b6b88896d6adf0ff82a8be7d758d7200df922f6aa8c38fbac3665fe 783aa437f1831fad00cdadf0cf4d3e71215eac6920608a5755370b10b18650f3
CLIENT_HANDSHAKE_TRAFFIC_SECRET 516ca60e3842de37b6aa83247d02dffa026e2ca0f22b06a420e4388bced9c99c 5c74f91e885da2709da7ec82610eb52c61fcd89820d335564cac009835b48700
SERVER_HANDSHAKE_TRAFFIC_SECRET 516ca60e3842de37b6aa83247d02dffa026e2ca0f22b06a420e4388bced9c99c 49e09106e74c02a2a3d503810e21b8cda1982329cf4be962258fa10ef734a5ce
CLIENT_TRAFFIC_SECRET_0 5467bcbd2b6b88896d6adf0ff82a8be7d758d7200df922f6aa8c38fbac3665fe 9a26e0dd1cc238d25644c459ca325d649c0ced225f6037dd287f579bc19fbd53
SERVER_TRAFFIC_SECRET_0 5467bcbd2b6b88896d6adf0ff82a8be7d758d7200df922f6aa8c38fbac3665fe 3879f005564c1868c355155bab8a0d155faeaccae5bd092285cd4fc936df7a71
EXPORTER_SECRET 5467bcbd2b6b88896d6adf0ff82a8be7d758d7200df922f6aa8c38fbac3665fe b793abec7d8b72a3ec63731815362c38ec5782e41797824ed3c8a313fa2ace28
CLIENT_TRAFFIC_SECRET_0 516ca60e3842de37b6aa83247d02dffa026e2ca0f22b06a420e4388bced9c99c 1f2091ff0390d868f4de565c8af0977e68b5801c6f34f4b9d02c7f02310d8617
SERVER_TRAFFIC_SECRET_0 516ca60e3842de37b6aa83247d02dffa026e2ca0f22b06a420e4388bced9c99c 180f2b2d9fbce68bd9ee1bb86cd94de3eb983d4cddd8f1c6a02ffc47c299b944
EXPORTER_SECRET 516ca60e3842de37b6aa83247d02dffa026e2ca0f22b06a420e4388bced9c99c fb2ef66941a2d62fc09ccbc9607e6660520d27fb02d4b37a027df0e740231017
CLIENT_HANDSHAKE_TRAFFIC_SECRET 23fcfed5abeb497dc469b04a578af060cf42a9f12345868f8b33e5d67c6cfd35 2c93cc3f8ea18b80bf2d2d0104c4834dd9afb96355ac0fd60011192ade99b8f2
SERVER_HANDSHAKE_TRAFFIC_SECRET 23fcfed5abeb497dc469b04a578af060cf42a9f12345868f8b33e5d67c6cfd35 8e541fc08b4cddcc8f36302d931e1d936b20bdb76d01b630756838cd48be5581
CLIENT_TRAFFIC_SECRET_0 23fcfed5abeb497dc469b04a578af060cf42a9f12345868f8b33e5d67c6cfd35 b382b8f0d8fc68f070b0961b1839bcf8c18afb7d15ba90317fce54acdedcda3e
SERVER_TRAFFIC_SECRET_0 23fcfed5abeb497dc469b04a578af060cf42a9f12345868f8b33e5d67c6cfd35 7736b3db9bf24eb5c2d9595b324153389f1bdf52c2f7d5baa3487cf2613b179d
EXPORTER_SECRET 23fcfed5abeb497dc469b04a578af060cf42a9f12345868f8b33e5d67c6cfd35 662d929fec5799451c56f02e2bc98aa4fad6ef315ceccd38f75a5233afa64220
CLIENT_HANDSHAKE_TRAFFIC_SECRET 4796c43c39908cbd7c1a83655087686982649b9e02702bc60ea53e824f909c07 499e151779bd88cd2e000a62ebc4f4bafd4596f481915fa4cf6fb4fb9199da28
SERVER_HANDSHAKE_TRAFFIC_SECRET 4796c43c39908cbd7c1a83655087686982649b9e02702bc60ea53e824f909c07 a06600615ea3a8bfce818d049e1e9c2c0218a89bb71e126b8dd855f07c01e567
CLIENT_TRAFFIC_SECRET_0 4796c43c39908cbd7c1a83655087686982649b9e02702bc60ea53e824f909c07 fe5a8fbcfb37dbc96a2308065cca8f97564f72b1a0c24aaea2b3da2652c3c4cb
SERVER_TRAFFIC_SECRET_0 4796c43c39908cbd7c1a83655087686982649b9e02702bc60ea53e824f909c07 78ea2edc9f82820d15253f263706280301488e1f61042e741c9d55d1d752d597
EXPORTER_SECRET 4796c43c39908cbd7c1a83655087686982649b9e02702bc60ea53e824f909c07 9d0172772745df28e200d88dcff1133b4b28bc36dc9f0f35d544f1eb66aa4935
CLIENT_EARLY_TRAFFIC_SECRET f695985e561ffbb1fa7d901e762bf08ae5e1fb48767310f091ba6218fcfb8ced 46312ad34ba976609ccb62a28de56a9638961ea12bda6e98b927aa45c5c9256b
CLIENT_HANDSHAKE_TRAFFIC_SECRET f695985e561ffbb1fa7d901e762bf08ae5e1fb48767310f091ba6218fcfb8ced ec04a5139755ce87014b9cbb40e40b935d5ca7baac7036901040af7f6acfae17
SERVER_HANDSHAKE_TRAFFIC_SECRET f695985e561ffbb1fa7d901e762bf08ae5e1fb48767310f091ba6218fcfb8ced fe2ccba6dd55203ca1d97347bbbf96ee16a3beece4770d49973c038ed19d30be
CLIENT_TRAFFIC_SECRET_0 f695985e561ffbb1fa7d901e762bf08ae5e1fb48767310f091ba6218fcfb8ced b785d6e4c53494d116182cf477ef756dde4a7539fbb4c83a988a09a794e3cd06
SERVER_TRAFFIC_SECRET_0 f695985e561ffbb1fa7d901e762bf08ae5e1fb48767310f091ba6218fcfb8ced bbddea386d00dacaa5c3fb71d922e43ee829216c9ad59a0eb4a5152b62541e75
EXPORTER_SECRET f695985e561ffbb1fa7d901e762bf08ae5e1fb48767310f091ba6218fcfb8ced 6f7859bc5b7799ef8fea8bd01afd9b45d0deba46d1e7e9d43922807cb663eb42
CLIENT_HANDSHAKE_TRAFFIC_SECRET 0d093c698bbf3ad21e4638ca429b22d4c197e3bfffa5cd3b4eadc37c0e4b9264 7465cad20c9cf341724756b907d8a1a4c862cef901d1c08cdeae58899d795ed5
SERVER_HANDSHAKE_TRAFFIC_SECRET 0d093c698bbf3ad21e4638ca429b22d4c197e3bfffa5cd3b4eadc37c0e4b9264 32c7d90c18448283f69162d78a160916c246a096dd6dfa7e94efa4e2e56b0495
CLIENT_TRAFFIC_SECRET_0 0d093c698bbf3ad21e4638ca429b22d4c197e3bfffa5cd3b4eadc37c0e4b9264 99e5f218873d83a6d4d4abbbd32fa1f7ca04bfebff05900dc9cfcb8045c07182
SERVER_TRAFFIC_SECRET_0 0d093c698bbf3ad21e4638ca429b22d4c197e3bfffa5cd3b4eadc37c0e4b9264 ba616cc29a31589fffb13fc9bec574eb8e9ab9ad68af35cbf35a6928a149b46f
EXPORTER_SECRET 0d093c698bbf3ad21e4638ca429b22d4c197e3bfffa5cd3b4eadc37c0e4b9264 81921a89ebd8fcd50f3c9a4737f32197d17f13ca3ae12ac35a052f17cdc556fc
CLIENT_HANDSHAKE_TRAFFIC_SECRET 04afa00d584c50e9850dac74470e4ee73ff33c5d7744ab2a2bf65206d4ac4aa2 c207bb957f47d7d06ecf9e61647333a09bfa472ef7e7847fe70ff81c1c0ad780
SERVER_HANDSHAKE_TRAFFIC_SECRET 04afa00d584c50e9850dac74470e4ee73ff33c5d7744ab2a2bf65206d4ac4aa2 e2c6762986dccb835cdac418d31e15ab6b9c8863fdc792a32df8d93d01b12a36
CLIENT_HANDSHAKE_TRAFFIC_SECRET a0821d56b98a6ca3ee9e8708407936ca734e6d3e001949bb84078b453e86c80c bd68d3b5eb1c4fff431ddc3dd0dbb6f807ef971e4b8f6e2b28f732f2246a4e39
SERVER_HANDSHAKE_TRAFFIC_SECRET a0821d56b98a6ca3ee9e8708407936ca734e6d3e001949bb84078b453e86c80c 2d216ae5157890fbf29ae9aa2888d808b9a663c537af6323246793d28fdcbc7f
CLIENT_HANDSHAKE_TRAFFIC_SECRET 334fdbc7ee68e494223655bfa93dbaddb57c0d58a2ba2857d2edb18d92a0c91d 14ad41bf38f3e398edab44d8c1b24ebec7e5efc03503cf2a9e5eaa644c0a9464
SERVER_HANDSHAKE_TRAFFIC_SECRET 334fdbc7ee68e494223655bfa93dbaddb57c0d58a2ba2857d2edb18d92a0c91d 7aa18a9c477448acecee7b6fe8160f3a900b4f215a2dac8b9580ed10c95e2dd3
CLIENT_HANDSHAKE_TRAFFIC_SECRET c742345f41b6abe6e3d4c82726488b374423f9534bcb1d3d8ff13d0b28965c26 aa679ee7529753dcc8994400bc3b857e4299b847b8f69563505cbe4ad6870db4
SERVER_HANDSHAKE_TRAFFIC_SECRET c742345f41b6abe6e3d4c82726488b374423f9534bcb1d3d8ff13d0b28965c26 6326f55d3850086a7e8d52f239f2497fac11f4145c3e4a9ab219219537c6bc27
CLIENT_HANDSHAKE_TRAFFIC_SECRET 38ffb21224094bd2506ae80e07042d801962efa966773a9f1ea7b7276e6c2b83 17289b197db38b0e1132ef8797d8c1162bb2a77058144021a3b987cea0637cb8
SERVER_HANDSHAKE_TRAFFIC_SECRET 38ffb21224094bd2506ae80e07042d801962efa966773a9f1ea7b7276e6c2b83 3d56112cd1bebc2c0daae78f5ebefb88397d107a827cf41be216402cb3bb9e6f
CLIENT_HANDSHAKE_TRAFFIC_SECRET ffaba69061f4cff8881376adde1c0a3a6c985fff1344b210b2d966c6f144ea02 cbb8eede55514fc0e78e6f77f48a400b3d9db31152bf03a05e91417d461eec79
SERVER_HANDSHAKE_TRAFFIC_SECRET ffaba69061f4cff8881376adde1c0a3a6c985fff1344b210b2d966c6f144ea02 fc35022f0b2077609993df5e3ad7cddd69292c024d7dde690ed5869f89b28ade
CLIENT_TRAFFIC_SECRET_0 04afa00d584c50e9850dac74470e4ee73ff33c5d7744ab2a2bf65206d4ac4aa2 4102133bcc8e38f745a305bd7b4420614e7c6a41f1c751077daf6460f714cddf
SERVER_TRAFFIC_SECRET_0 04afa00d584c50e9850dac74470e4ee73ff33c5d7744ab2a2bf65206d4ac4aa2 fc279c442a598e944b4ce171dae84762f63ba28923edd5b1a0c384c85cc559c6
EXPORTER_SECRET 04afa00d584c50e9850dac74470e4ee73ff33c5d7744ab2a2bf65206d4ac4aa2 643f1cbab8bbab9b82a5360f5949c6c8628d233b099a213aa2fdd83b6ea50640
CLIENT_TRAFFIC_SECRET_0 a0821d56b98a6ca3ee9e8708407936ca734e6d3e001949bb84078b453e86c80c 8e0cc6d255d316aebb74c0a3019091e1c809cb78c7493356ca5c89c55b9fe8fc
SERVER_TRAFFIC_SECRET_0 a0821d56b98a6ca3ee9e8708407936ca734e6d3e001949bb84078b453e86c80c 960c5e8f651e81defe171c4b715a90ac39ce1832b0d6524e47671e8008040768
EXPORTER_SECRET a0821d56b98a6ca3ee9e8708407936ca734e6d3e001949bb84078b453e86c80c 98ac673c5f5b58d692ac4f4340a1e680ec57fa5b9feef8e59499918ebb1875dd
CLIENT_TRAFFIC_SECRET_0 334fdbc7ee68e494223655bfa93dbaddb57c0d58a2ba2857d2edb18d92a0c91d 644029a4e9e416a2d1b2ef206dc4d6b937d9192869eac13634441b43757c3898
SERVER_TRAFFIC_SECRET_0 334fdbc7ee68e494223655bfa93dbaddb57c0d58a2ba2857d2edb18d92a0c91d 2d961e44f71769fea38358f2c1582b492dc569ada0a830c8781c5b1e21d4a2d5
EXPORTER_SECRET 334fdbc7ee68e494223655bfa93dbaddb57c0d58a2ba2857d2edb18d92a0c91d bacccf4c523e07ec2ba9dd0e3f991fce4fc9e57bdbf5fb7222a7f0cb1cbab4e1
CLIENT_TRAFFIC_SECRET_0 c742345f41b6abe6e3d4c82726488b374423f9534bcb1d3d8ff13d0b28965c26 82a8d545413814342c1274b785d0d98b4177c5df65631145e8e049e12a349e2d
SERVER_TRAFFIC_SECRET_0 c742345f41b6abe6e3d4c82726488b374423f9534bcb1d3d8ff13d0b28965c26 3d64469c67fb441f432dbd61df3336ba47932c434a397a8a308ad06f1a6d0d76
EXPORTER_SECRET c742345f41b6abe6e3d4c82726488b374423f9534bcb1d3d8ff13d0b28965c26 2bb0bbce23fd8967d99339baed9b4b8bc0203d48d894838690a991078091b91d
CLIENT_TRAFFIC_SECRET_0 38ffb21224094bd2506ae80e07042d801962efa966773a9f1ea7b7276e6c2b83 356419b8b3c73d71b248f5228a2854b39f221add72e7b5b0b491a0e4b0348a17
SERVER_TRAFFIC_SECRET_0 38ffb21224094bd2506ae80e07042d801962efa966773a9f1ea7b7276e6c2b83 062b42bab004356969a33d86da81924ae58b3befcca69967bb85858d99c42b41
EXPORTER_SECRET 38ffb21224094bd2506ae80e07042d801962efa966773a9f1ea7b7276e6c2b83 cd0e8c044c35e3224e3e05d6405c02f1c1d891b4bb98010edeb9a01a85845905
CLIENT_TRAFFIC_SECRET_0 ffaba69061f4cff8881376adde1c0a3a6c985fff1344b210b2d966c6f144ea02 0829b5d5740c0cf695c86a9b1b61b200f7eb16906d3b9825cdbc0e68063f048f
SERVER_TRAFFIC_SECRET_0 ffaba69061f4cff8881376adde1c0a3a6c985fff1344b210b2d966c6f144ea02 d790424b83e1e58e2e025cc9ddaa5bcef6aad6c052707ee9ea991fddad92ed57
EXPORTER_SECRET ffaba69061f4cff8881376adde1c0a3a6c985fff1344b210b2d966c6f144ea02 e96a9204514e18d686cd5b32331c3c00c090334c1f321d95d6669eef3175786a
CLIENT_HANDSHAKE_TRAFFIC_SECRET 20d1466122d37b794ff5849c3e1aa1e5c46354293510100ad221728c730ad7ea 70b9f4d9b4311777a10bce30b014ed55db84d37cb5091f691d481f869159a8e6
SERVER_HANDSHAKE_TRAFFIC_SECRET 20d1466122d37b794ff5849c3e1aa1e5c46354293510100ad221728c730ad7ea 1c89d7e93860e998abefe16ce04ae2c9648c8c7837a54cb9bbeed86644262a5a
CLIENT_TRAFFIC_SECRET_0 20d1466122d37b794ff5849c3e1aa1e5c46354293510100ad221728c730ad7ea 09e8e6c83b01358573359eb9c50fef9fcbd747f1267cf68809482bd15b26387e
SERVER_TRAFFIC_SECRET_0 20d1466122d37b794ff5849c3e1aa1e5c46354293510100ad221728c730ad7ea 100c6ce345a59bc9fecf3471e9b82789aba56446ad7b46a0abca7e31b0cf7c58
EXPORTER_SECRET 20d1466122d37b794ff5849c3e1aa1e5c46354293510100ad221728c730ad7ea 44e321fff8daf99f8049f0ac4f3c1b3c70a8ff4d04e81c46f62b489d2571cb74
CLIENT_HANDSHAKE_TRAFFIC_SECRET 3b884ab9cd181c0224e20c5feceafb28ca29e227c5972dd570e349c258c08c2d dcee1b84cc65680314662af4930ac5abb7306511686b57698294aa98a0bdaff0
SERVER_HANDSHAKE_TRAFFIC_SECRET 3b884ab9cd181c0224e20c5feceafb28ca29e227c5972dd570e349c258c08c2d 0ee2fa58a2afa2b87b58ad7041a97a3f60332dd82dc7435e8f89b7290b6b12dd
CLIENT_HANDSHAKE_TRAFFIC_SECRET 3fbcafad95213f370c7642be9468d80b752011d5cf2e87f62c77a9fb1035352b 5ce78524508bbf0fe29e33668947be70acd8ee084a26f661c8baa5ecacee9337
SERVER_HANDSHAKE_TRAFFIC_SECRET 3fbcafad95213f370c7642be9468d80b752011d5cf2e87f62c77a9fb1035352b 5aefca2b18ea69bfafc3f717b816ab927fd8d10fb0a5b79737e4d7010446adc2
CLIENT_TRAFFIC_SECRET_0 3b884ab9cd181c0224e20c5feceafb28ca29e227c5972dd570e349c258c08c2d 93fed77b4f3d57f9cb705b605e24a31b78f563070cdd5bc7c1a8f7db3e173d2d
SERVER_TRAFFIC_SECRET_0 3b884ab9cd181c0224e20c5feceafb28ca29e227c5972dd570e349c258c08c2d b8d000442082afa6bca5c4e167a8fc85c915ef0c08cf93a60130d8d75f2d924e
EXPORTER_SECRET 3b884ab9cd181c0224e20c5feceafb28ca29e227c5972dd570e349c258c08c2d 41fb8268d970f6eeb4398d1f052a96fddac472218af118237a8a9294804f407e
CLIENT_TRAFFIC_SECRET_0 3fbcafad95213f370c7642be9468d80b752011d5cf2e87f62c77a9fb1035352b 62d26d2712eb754e90405460abbf88c9b8854d61ea943feb0c8e92f43cf1d8ff
SERVER_TRAFFIC_SECRET_0 3fbcafad95213f370c7642be9468d80b752011d5cf2e87f62c77a9fb1035352b f6a2afdaa7e3d6de1656b196165ab77ae5b615467089394eb9fc50d853d6d5f7
EXPORTER_SECRET 3fbcafad95213f370c7642be9468d80b752011d5cf2e87f62c77a9fb1035352b 13547b857a6ab876e6295127eeb56ded0a5e63d0deea5c1bc7d2d933a260a439
CLIENT_RANDOM c6e33994fd3d34d7f7d5fee55bc3d4280f8e1165dee0b565fec233399a540040 4352c3694a256dbfcb50936d7c067cabd4521e700da09a644d60cc1cb55b444bf7659c0603a4880d5692522e0bf85efa
CLIENT_HANDSHAKE_TRAFFIC_SECRET 1a644c0e1b52d0f92a27b69e365a0d8a8952e2e95342ba5bd3105d87956908e3 68b10415449c9e2714b2a4e3b0e290fb100dfcdfb7d31048dd6e2d1721d72642
SERVER_HANDSHAKE_TRAFFIC_SECRET 1a644c0e1b52d0f92a27b69e365a0d8a8952e2e95342ba5bd3105d87956908e3 f4c774966bcff3350a8343dd6f7b95f75b5fc4768edc5b7dc63ce1ec382a5752
CLIENT_TRAFFIC_SECRET_0 1a644c0e1b52d0f92a27b69e365a0d8a8952e2e95342ba5bd3105d87956908e3 2b1b60d3e7e002586b57707454c7c9ad1701d579ad097cf81572a50c6b6d82a5
SERVER_TRAFFIC_SECRET_0 1a644c0e1b52d0f92a27b69e365a0d8a8952e2e95342ba5bd3105d87956908e3 9fd70c183169f531a199603e31b4b280f7b78626a2b2ce297354ab45b13e9f32
EXPORTER_SECRET 1a644c0e1b52d0f92a27b69e365a0d8a8952e2e95342ba5bd3105d87956908e3 60791c53bd7c653cd201cb3a946510507dd468444aaf7527600c4d1f8ab29bb8
CLIENT_HANDSHAKE_TRAFFIC_SECRET d7a8c11441109520a2b1553fc11968941767c96dafbde69ba2dedd8ac924bc91 1d7a760270a9d67b2876920dde9030f3e6a1d1b8cd1e6eebbda423ea1adf8758
SERVER_HANDSHAKE_TRAFFIC_SECRET d7a8c11441109520a2b1553fc11968941767c96dafbde69ba2dedd8ac924bc91 06ae3672fba3282e8163281b711f80c07ede668e2e5820ee6d4b848c22f7e2e4
CLIENT_TRAFFIC_SECRET_0 d7a8c11441109520a2b1553fc11968941767c96dafbde69ba2dedd8ac924bc91 6bc5fe37cd25bf421f161edf584b50975cc324411e92243e5a6579f18cd378ba
SERVER_TRAFFIC_SECRET_0 d7a8c11441109520a2b1553fc11968941767c96dafbde69ba2dedd8ac924bc91 45783087192d4d519ffae7cf44207be01fc5fd65ef42a489bf9ceacb1e2b5048
EXPORTER_SECRET d7a8c11441109520a2b1553fc11968941767c96dafbde69ba2dedd8ac924bc91 2e48d647cb23753b923635cbd2d3af95a5f126ff08e3db5e0555713a2040a4bf
CLIENT_HANDSHAKE_TRAFFIC_SECRET 74455e16df7467ba95cfbba7e5139d86a9ef8c48b8f7a7aaf3a1a5f0ea04cd11 607952c1cbfda4105f64bb7869151038f5e37ca0195ea820e04b1df7b01478cc
SERVER_HANDSHAKE_TRAFFIC_SECRET 74455e16df7467ba95cfbba7e5139d86a9ef8c48b8f7a7aaf3a1a5f0ea04cd11 4294759efe2bcd56a1df054e21065cb7f7cdb52096c3dd7143c608521869f84a
CLIENT_TRAFFIC_SECRET_0 74455e16df7467ba95cfbba7e5139d86a9ef8c48b8f7a7aaf3a1a5f0ea04cd11 2ab28a13429ae968648fdebaaddb9d91f7b07be2104535b90656b6981e5f7171
SERVER_TRAFFIC_SECRET_0 74455e16df7467ba95cfbba7e5139d86a9ef8c48b8f7a7aaf3a1a5f0ea04cd11 0432b46114e70987d3a520b7fb57af5d0c6fbc5d3930ec019073725c6c255b5f
EXPORTER_SECRET 74455e16df7467ba95cfbba7e5139d86a9ef8c48b8f7a7aaf3a1a5f0ea04cd11 df3f33d5744c972ba3108e29b8f62a6de804aa9662a2cef84177433dad725271
CLIENT_HANDSHAKE_TRAFFIC_SECRET 66a230af52ed087247f67fe5a086093c71dd61b0627950df93bed407ab9e50b7 f04b2e5cb426b60f912af2498cfe7e8db88d912684e41e63b4e21c47582d7da8
SERVER_HANDSHAKE_TRAFFIC_SECRET 66a230af52ed087247f67fe5a086093c71dd61b0627950df93bed407ab9e50b7 05ca01424bac7fc279ae0e5ccda1f8100427da7df407c662f4e737a0f03d5ea2
CLIENT_HANDSHAKE_TRAFFIC_SECRET e6deb84fd6105412a3406315864e6f51034e392ab4c7e24fa96736eca4b4c7d7 17da9dc4c2450fd8539a1f6ab2920f99a9095e80fc69770798282464b58e0c7e
SERVER_HANDSHAKE_TRAFFIC_SECRET e6deb84fd6105412a3406315864e6f51034e392ab4c7e24fa96736eca4b4c7d7 e08b71307791dd2f06bebd6674be853076cf601f9f5c3ab58f6a1576ed49b144
CLIENT_HANDSHAKE_TRAFFIC_SECRET 9bf967af43d57a44fe508a1e77b23469fdf98c5b92a128b72137f1445b7547fb ec6c5d19b70509c1a6a8dd2a9e8886404117c174158441e864707e1d25299946
SERVER_HANDSHAKE_TRAFFIC_SECRET 9bf967af43d57a44fe508a1e77b23469fdf98c5b92a128b72137f1445b7547fb 96448473821021840fb7d1dd3f679cd2db8c7a00ab433fd93359e42d72a12723
CLIENT_HANDSHAKE_TRAFFIC_SECRET 73d1a8f44394c7bd2f0828e9e534257a674be7a15f7d802d51df8acf949c6012 4476ce0213f7a4fc74e9712c1eeeb6faa0b355814b5509dac82ebb7981f02558
SERVER_HANDSHAKE_TRAFFIC_SECRET 73d1a8f44394c7bd2f0828e9e534257a674be7a15f7d802d51df8acf949c6012 619608426ca1726d44e5129ddf60f3cf4f5e8394d17b36b71d06ee75d7e0d920
CLIENT_TRAFFIC_SECRET_0 66a230af52ed087247f67fe5a086093c71dd61b0627950df93bed407ab9e50b7 eb6b50d54f587a381e427183922c9b20247945b90f70acf4eba602916a8ec3a3
SERVER_TRAFFIC_SECRET_0 66a230af52ed087247f67fe5a086093c71dd61b0627950df93bed407ab9e50b7 06905e6af97d00429f07abfba6cbbdec149d3ce8cc089c5e531adbe11404f029
EXPORTER_SECRET 66a230af52ed087247f67fe5a086093c71dd61b0627950df93bed407ab9e50b7 1e0c972417ce1e8a8ac81b26c18090c25b8f86a458f2f61a37b411eb96c5aa94
CLIENT_TRAFFIC_SECRET_0 e6deb84fd6105412a3406315864e6f51034e392ab4c7e24fa96736eca4b4c7d7 32088cd5ff976dfab89fa6a2fd1803ade6e5b9634237d6a785e7b7213aeb586c
SERVER_TRAFFIC_SECRET_0 e6deb84fd6105412a3406315864e6f51034e392ab4c7e24fa96736eca4b4c7d7 fde872ef4eb8098f2779361eb08fa9e7899022ce3939e17381d4120b90b4a227
EXPORTER_SECRET e6deb84fd6105412a3406315864e6f51034e392ab4c7e24fa96736eca4b4c7d7 7b84b9acbfec3aadafc3187c37af5199e103dd1a5877954e79ba53c90173528f
CLIENT_TRAFFIC_SECRET_0 9bf967af43d57a44fe508a1e77b23469fdf98c5b92a128b72137f1445b7547fb 2a5b8a6c00d6cbbf0e96b369c132681a5d36413133040226162ba3f9f556c664
SERVER_TRAFFIC_SECRET_0 9bf967af43d57a44fe508a1e77b23469fdf98c5b92a128b72137f1445b7547fb 0f91c5a2acb2ff4a1d7b6df4dbf6f088afaeea832a29f3f4579a26c903367329
EXPORTER_SECRET 9bf967af43d57a44fe508a1e77b23469fdf98c5b92a128b72137f1445b7547fb 42e2cd25abad675a4493ae134b617b70fe534cf8a4f2bbd8e0c6abf39e3d3c34
CLIENT_TRAFFIC_SECRET_0 73d1a8f44394c7bd2f0828e9e534257a674be7a15f7d802d51df8acf949c6012 04266b0447353c414c469787045c9f82e7fbd9e2ec132e37d9febbe2f21b9035
SERVER_TRAFFIC_SECRET_0 73d1a8f44394c7bd2f0828e9e534257a674be7a15f7d802d51df8acf949c6012 d57c7ad116e9d989dc09fa82e1629add366b5a5283a65373d171f8a9935917e0
EXPORTER_SECRET 73d1a8f44394c7bd2f0828e9e534257a674be7a15f7d802d51df8acf949c6012 e02fce1467776f38d70b3da558478306d2f9d7a22b12be325e72208c5b5836a0
CLIENT_HANDSHAKE_TRAFFIC_SECRET 0af77b4c12f5272d6f0f4ae1b5fa4d60c230c150050189df83ab57d52978afba f4f6d793c57c8b421a80b7451ca2a5f2e09c9112081bed7c28460a55402906bf
SERVER_HANDSHAKE_TRAFFIC_SECRET 0af77b4c12f5272d6f0f4ae1b5fa4d60c230c150050189df83ab57d52978afba b314f29ba87c0499c04e43065b02d9c807fb7a3e8e5740d2f258fbcdb8fcdbee
CLIENT_TRAFFIC_SECRET_0 0af77b4c12f5272d6f0f4ae1b5fa4d60c230c150050189df83ab57d52978afba bc7cad85ea6735729d8c2656471d532adea31a82c52a09ba11c645ac45298a8f
SERVER_TRAFFIC_SECRET_0 0af77b4c12f5272d6f0f4ae1b5fa4d60c230c150050189df83ab57d52978afba c158feaebc48a4578d0892e52b2a4719096375601818db87838b0eefe7b543a4
EXPORTER_SECRET 0af77b4c12f5272d6f0f4ae1b5fa4d60c230c150050189df83ab57d52978afba 5224c26c8a67ef50cf4bfd09837d9027241820549e9ffaa211be1e9dcb15926f
CLIENT_HANDSHAKE_TRAFFIC_SECRET 2868b27ff2605189f22785a615ad85e2fee50e19cfbe05bf205ea46f531e0488 d5aada8a18da19891d04b918de7452b622ca00256424f0d6d6b9fa7f1e260020
SERVER_HANDSHAKE_TRAFFIC_SECRET 2868b27ff2605189f22785a615ad85e2fee50e19cfbe05bf205ea46f531e0488 e0a4e71dec5854e005ca13661df836da2e008582f85192d8b907dff88d585f7f
CLIENT_TRAFFIC_SECRET_0 2868b27ff2605189f22785a615ad85e2fee50e19cfbe05bf205ea46f531e0488 801a607d9b47c613ef83aa1cf2bfa699ddca7e241c2b6fe40e4926b5c8fc8c80
SERVER_TRAFFIC_SECRET_0 2868b27ff2605189f22785a615ad85e2fee50e19cfbe05bf205ea46f531e0488 8a48e96aca70b57e2b2e6726f54dfc5fd2122161d205fe8462d96d0643b8acab
EXPORTER_SECRET 2868b27ff2605189f22785a615ad85e2fee50e19cfbe05bf205ea46f531e0488 8479f07eb395331076196fcefddffb084ca6cfec95724b301b440782e6532a6a
CLIENT_HANDSHAKE_TRAFFIC_SECRET 2ca015985e44968b72148a7687c0274e2d855bc78f69914fb27fb979d0b8812f c89c16c91e941ae1cf22343cc1df191c301be96785b322ff2f24ce30ebb34c5e
SERVER_HANDSHAKE_TRAFFIC_SECRET 2ca015985e44968b72148a7687c0274e2d855bc78f69914fb27fb979d0b8812f 4d2bfaf3d9045e939a027dfa2c449d5dee8ac06c538fe4a50d25795bfbf50e34
CLIENT_TRAFFIC_SECRET_0 2ca015985e44968b72148a7687c0274e2d855bc78f69914fb27fb979d0b8812f a2145a5e9ecf4f86a743eea8b7fd35fc77684930247126f8879361efad655a9d
SERVER_TRAFFIC_SECRET_0 2ca015985e44968b72148a7687c0274e2d855bc78f69914fb27fb979d0b8812f 94b89be76552a3b57e6ec0babe697dc9d8f54aa8186b7360568df98385ef5b82
EXPORTER_SECRET 2ca015985e44968b72148a7687c0274e2d855bc78f69914fb27fb979d0b8812f 6e37b7a74ac4d64733a082c24f8544a042ba04fdf63f17c9ab095078be4444ab
CLIENT_HANDSHAKE_TRAFFIC_SECRET 0fed885e97481ff37d6b6a440a4094c56ec9266c100d4f7a6b161aeef530e959 0c1e83f273fa7415e0cc8b289f0f39be0dc2b39031be0010accd4f0b6e2d18e9
SERVER_HANDSHAKE_TRAFFIC_SECRET 0fed885e97481ff37d6b6a440a4094c56ec9266c100d4f7a6b161aeef530e959 0f1bafc846aae5f2bd7ae300eb25d73f4e09564ffe9806cccd127bff371c71b7
CLIENT_TRAFFIC_SECRET_0 0fed885e97481ff37d6b6a440a4094c56ec9266c100d4f7a6b161aeef530e959 458d43ede31466243948cdac997398a57eb10668f9b5cc22838df0f0fd4a0bf8
SERVER_TRAFFIC_SECRET_0 0fed885e97481ff37d6b6a440a4094c56ec9266c100d4f7a6b161aeef530e959 40b50c8873c4061ba5af749fec6835b8b23ea4b9d9cbf01cbf3309e538807491
EXPORTER_SECRET 0fed885e97481ff37d6b6a440a4094c56ec9266c100d4f7a6b161aeef530e959 3f0657343a4ba355da99fa904afa47048265a4149a79cd6fa1db2ad8cc8bd66d
CLIENT_HANDSHAKE_TRAFFIC_SECRET 4e6342cbd6741e9f8ce564201915f4a3c17680217c619a71676fa2a1a2f88566 897999a62f10a1f17c5252d75c93203c73f638b8197b93df2b2a329e4c7a09e2
SERVER_HANDSHAKE_TRAFFIC_SECRET 4e6342cbd6741e9f8ce564201915f4a3c17680217c619a71676fa2a1a2f88566 dedc76e965250b5a077f1dd227be243636935b3efdd5eae325ac3cd0c51110da
CLIENT_TRAFFIC_SECRET_0 4e6342cbd6741e9f8ce564201915f4a3c17680217c619a71676fa2a1a2f88566 50137ed8e6726e7b5c32a83a589d8d81a5c18a8a0e849ebd5d9f023f49c4533d
SERVER_TRAFFIC_SECRET_0 4e6342cbd6741e9f8ce564201915f4a3c17680217c619a71676fa2a1a2f88566 7ebfbf3e30cf4ea57b3ea68adf870ea63c3ac635958a59a2073d863a27269c2f
EXPORTER_SECRET 4e6342cbd6741e9f8ce564201915f4a3c17680217c619a71676fa2a1a2f88566 ad7094b5740fdec2d32fafae91077b590ab6fb2c63500d4b74f6a57a444dc8b9
CLIENT_HANDSHAKE_TRAFFIC_SECRET 42ba0316693f3472d6c65250a52b43bf984322970a9ec46cdef4d6953ef69e5c b5464fe43ad65636beba08e35a728782c6fef8878c28d65737b80be713716151
SERVER_HANDSHAKE_TRAFFIC_SECRET 42ba0316693f3472d6c65250a52b43bf984322970a9ec46cdef4d6953ef69e5c 8af0c7fb774ddc849f5dedf2f0fd7e443428c0057bce268d098c82018b5b5cd6
CLIENT_TRAFFIC_SECRET_0 42ba0316693f3472d6c65250a52b43bf984322970a9ec46cdef4d6953ef69e5c 8be63a52df5ea35f4aaaa89fbd914817bc456bae956b95312efae3eff0af8000
SERVER_TRAFFIC_SECRET_0 42ba0316693f3472d6c65250a52b43bf984322970a9ec46cdef4d6953ef69e5c 368d5c47a9cc472701b570d2b75b9c9d03e999b36da8097825e90ed2f486fbc5
EXPORTER_SECRET 42ba0316693f3472d6c65250a52b43bf984322970a9ec46cdef4d6953ef69e5c ded6e2011b9630105ec512f0d8f000089bd6e3838d351d1413e0e4e003e07b81
CLIENT_EARLY_TRAFFIC_SECRET 33b2a5519f9c6814a21e5cd670d71e5ecb28afa52188b302095608a44696edf5 b5814fc38c36b4ff66b9e9c935e9499791152a79f2dfe85948cf0e086cf0f5b4
CLIENT_HANDSHAKE_TRAFFIC_SECRET 33b2a5519f9c6814a21e5cd670d71e5ecb28afa52188b302095608a44696edf5 4fa93a435c0a82f4676f23f3bebfbb5dc1e1b9e90f51d54ae471e52e89931d02
SERVER_HANDSHAKE_TRAFFIC_SECRET 33b2a5519f9c6814a21e5cd670d71e5ecb28afa52188b302095608a44696edf5 18df3ac038b0bd86e6b170923d804c9ffa91d3a9ce2f48674675e8061ef3687a
CLIENT_TRAFFIC_SECRET_0 33b2a5519f9c6814a21e5cd670d71e5ecb28afa52188b302095608a44696edf5 b41f4e34a103321541bc9ad213d60e824da97bea5262a5da8b9e5c9ceff28b33
SERVER_TRAFFIC_SECRET_0 33b2a5519f9c6814a21e5cd670d71e5ecb28afa52188b302095608a44696edf5 c2bc610c3d3235a0b84ee3dc9696a366620dd5fb3b68de016a22a82a3a11a169
EXPORTER_SECRET 33b2a5519f9c6814a21e5cd670d71e5ecb28afa52188b302095608a44696edf5 36cdc969e06cbb16a1d8739c362d71c3328388cbdc615b98f4ebe1f6d1b21696
CLIENT_HANDSHAKE_TRAFFIC_SECRET eff81887f3f0084bc0071ef7907db0252ff091fef06540705b7538bed72fcbaa 8db704fd9aa800da50d621d112af871762751a5d53669d4357ca6c7a3f51e977
SERVER_HANDSHAKE_TRAFFIC_SECRET eff81887f3f0084bc0071ef7907db0252ff091fef06540705b7538bed72fcbaa 70401fcf3e6bd3d05d9354a19d02a8732b3cd408f1b6f7891db617debe4851e6
CLIENT_TRAFFIC_SECRET_0 eff81887f3f0084bc0071ef7907db0252ff091fef06540705b7538bed72fcbaa 70abb0cbd08a465f46d67f7abb31e9f15d9db931031fcb95ea042740e2ab88bd
SERVER_TRAFFIC_SECRET_0 eff81887f3f0084bc0071ef7907db0252ff091fef06540705b7538bed72fcbaa 80cc0038d8ae50fbd2c292a78770bde0bd9bd748076d80b0e7472228f992e621
EXPORTER_SECRET eff81887f3f0084bc0071ef7907db0252ff091fef06540705b7538bed72fcbaa fbee85475542428993fb1a8a288d666479e644dc82fbc044b82614357b7d6031
CLIENT_HANDSHAKE_TRAFFIC_SECRET e61407d56cca43a1c550587fe731d866e1dd61ebfa31a17d561a7cf4fe1abd9d fe92366b0d2e15614af4ff301f64e42183069305333292cf4674cab7755cf989
SERVER_HANDSHAKE_TRAFFIC_SECRET e61407d56cca43a1c550587fe731d866e1dd61ebfa31a17d561a7cf4fe1abd9d d275921ec34826272cdf6dc0a8728227dff309ec0fea1ee4babf3c224aa9b54a
CLIENT_TRAFFIC_SECRET_0 e61407d56cca43a1c550587fe731d866e1dd61ebfa31a17d561a7cf4fe1abd9d 8dfc022660f0840f0283d4ead31b0c089b436971bbfcd4e7b4548af8dd299c2e
SERVER_TRAFFIC_SECRET_0 e61407d56cca43a1c550587fe731d866e1dd61ebfa31a17d561a7cf4fe1abd9d 50436ddf700961643a0dc98d933df54e0208e144de1aed28cfa11f0390676252
EXPORTER_SECRET e61407d56cca43a1c550587fe731d866e1dd61ebfa31a17d561a7cf4fe1abd9d 85f158be1cedfba55ff1ca0b2fd6aec3aedf8753f3d06ebb0e2bff5ac293151d
CLIENT_HANDSHAKE_TRAFFIC_SECRET 6ebcf8adcd156a25174130b6a5f0251170b58c4fcd423a8230d4030b0866ebe8 020074f52cd14464f7369a529252b1429b1cc6f16b79dff356d9885753ad61ac
SERVER_HANDSHAKE_TRAFFIC_SECRET 6ebcf8adcd156a25174130b6a5f0251170b58c4fcd423a8230d4030b0866ebe8 79cdcefa2a7cd5137d65eeaef98fa2dffea8da70fc38e8ecd58c673686d7cfd8
CLIENT_TRAFFIC_SECRET_0 6ebcf8adcd156a25174130b6a5f0251170b58c4fcd423a8230d4030b0866ebe8 3e8e12aad3fdf3f47359a6dc182702136714da691523aef9841606cabc669eab
SERVER_TRAFFIC_SECRET_0 6ebcf8adcd156a25174130b6a5f0251170b58c4fcd423a8230d4030b0866ebe8 58f5822de0e3c8b157110d3d0bec0859d506d64e1100da215f0748e725fc5d49
EXPORTER_SECRET 6ebcf8adcd156a25174130b6a5f0251170b58c4fcd423a8230d4030b0866ebe8 6bb1a7f83c49cd0591f194b991949973d9d8a0c0623740564aa86cd5d29b3b22
CLIENT_HANDSHAKE_TRAFFIC_SECRET 914fceabeb2a59cd3e06e606a9308f4380209689fdd33e1e9ff95f5649ea4b89 ea55ab4f42f995cda10696806ef37482f015df4ae3f36178b6392f79488b9847
SERVER_HANDSHAKE_TRAFFIC_SECRET 914fceabeb2a59cd3e06e606a9308f4380209689fdd33e1e9ff95f5649ea4b89 99e8241bf3b29eb2a6613a090adbda4fd85b37184d06b9cbaa0dcfad7ec2eaec
CLIENT_TRAFFIC_SECRET_0 914fceabeb2a59cd3e06e606a9308f4380209689fdd33e1e9ff95f5649ea4b89 db31d2753ca84a1e23b88ed6303c9f2b2b41d083fd9e43ff2c6c2ca37b2b9298
SERVER_TRAFFIC_SECRET_0 914fceabeb2a59cd3e06e606a9308f4380209689fdd33e1e9ff95f5649ea4b89 c4bc47147a4427b2e15edfe0f15f85181b5aa7e411ebeac6640eac6541635d3f
EXPORTER_SECRET 914fceabeb2a59cd3e06e606a9308f4380209689fdd33e1e9ff95f5649ea4b89 350e7f9f9e85108ae9d95a1ca165c402b331879f7b6b8a07ecca2641db34baad
CLIENT_HANDSHAKE_TRAFFIC_SECRET 17b796f46c45362ad986eafc938678fe8470b778aa1e596d41dc44ee8c675485 3908edff1579f6d4cc748d345569cea8c300b7dded86a9b071498f13aba2f6a2
SERVER_HANDSHAKE_TRAFFIC_SECRET 17b796f46c45362ad986eafc938678fe8470b778aa1e596d41dc44ee8c675485 cfdcf72dee33924cba7ad3fd26c5ce9d7e02f90047576c585f682dfca8a23cbe
CLIENT_TRAFFIC_SECRET_0 17b796f46c45362ad986eafc938678fe8470b778aa1e596d41dc44ee8c675485 f2edaf183e2a2bd5c7fca60404b2b29f0033fc5d7b590ebee89821aa75518655
SERVER_TRAFFIC_SECRET_0 17b796f46c45362ad986eafc938678fe8470b778aa1e596d41dc44ee8c675485 adb31acf67c7ee64fbecbc5bc6a09539109bae7eddc8f029a65b5292b702ca8c
EXPORTER_SECRET 17b796f46c45362ad986eafc938678fe8470b778aa1e596d41dc44ee8c675485 965eccb5fa288642318b59b6810766f700e77d0ba5998c360a1e791c98f3a1fd
CLIENT_HANDSHAKE_TRAFFIC_SECRET 4aea32c455e21bf3ba670bf9d73fa550076a6819dd7aa9160c7f73df8fb1aba3 43f68a8f01ddb7aa3003e5526f2df951f6db8a8f421ad034ece7da4343887ab3
SERVER_HANDSHAKE_TRAFFIC_SECRET 4aea32c455e21bf3ba670bf9d73fa550076a6819dd7aa9160c7f73df8fb1aba3 31f34dc871d954d4f9539533ff94558c0c6878ab7c44f98607a036f35a36b899
CLIENT_TRAFFIC_SECRET_0 4aea32c455e21bf3ba670bf9d73fa550076a6819dd7aa9160c7f73df8fb1aba3 959254b5d74f071b1b903c87df990c3f3115c156975890027ed3a4c9cc037052
SERVER_TRAFFIC_SECRET_0 4aea32c455e21bf3ba670bf9d73fa550076a6819dd7aa9160c7f73df8fb1aba3 cb12adb76fb0494d52d8bb8af961cd1b49c6c4f286476567f0092febfb284706
EXPORTER_SECRET 4aea32c455e21bf3ba670bf9d73fa550076a6819dd7aa9160c7f73df8fb1aba3 ca352d09d89c0ee41a724dd1081be2548c813231cbe1ccb23ab027da7fed79f6
CLIENT_HANDSHAKE_TRAFFIC_SECRET d6d3b2a5bcf3e228ffce88b612821f460aa69af740db5dd60d0703fcd6114f83 4208a5aeee3eb5e9d9bd1b8836d719f64cac7de1263c281c096f7a1d0552e83f
SERVER_HANDSHAKE_TRAFFIC_SECRET d6d3b2a5bcf3e228ffce88b612821f460aa69af740db5dd60d0703fcd6114f83 3f9466ed3363883cc4d0fcd1dd8d2ace75bbdae97911248fe7a4502599303eea
CLIENT_TRAFFIC_SECRET_0 d6d3b2a5bcf3e228ffce88b612821f460aa69af740db5dd60d0703fcd6114f83 8f90ca1417970838a1bce1759970eb83630fa45cefd23d85d770ed42abd76586
SERVER_TRAFFIC_SECRET_0 d6d3b2a5bcf3e228ffce88b612821f460aa69af740db5dd60d0703fcd6114f83 12474ffc22f6c6bf68e7c4e55f3754c7eed3eb1d0ec24230cc5c598ff7aecb9a
EXPORTER_SECRET d6d3b2a5bcf3e228ffce88b612821f460aa69af740db5dd60d0703fcd6114f83 e419f4ae21b862c26039cb534aa12874ecc11425e8319203c500a2c004b7f276
CLIENT_EARLY_TRAFFIC_SECRET fb0cd9a683b11467a566d2289abb71a5ef6f1cc526b66f850c23cdb59eec0a18 1d036a8bc4f24af4c6aa4793140049d95a542cd9cf1012742ec39afe6ca75b95
CLIENT_HANDSHAKE_TRAFFIC_SECRET fb0cd9a683b11467a566d2289abb71a5ef6f1cc526b66f850c23cdb59eec0a18 7d1057d267d7083cc4afa012f9594be5bff201b98a4ce60b3f11540457b8db54
SERVER_HANDSHAKE_TRAFFIC_SECRET fb0cd9a683b11467a566d2289abb71a5ef6f1cc526b66f850c23cdb59eec0a18 4b020a47ec14bc79e1907713a4fb05bcddfae899ec23f3da647aed4023784d8c
CLIENT_TRAFFIC_SECRET_0 fb0cd9a683b11467a566d2289abb71a5ef6f1cc526b66f850c23cdb59eec0a18 c87db7fa695790a081f49802863a38e455047164eead624958d3cf70e2922043
SERVER_TRAFFIC_SECRET_0 fb0cd9a683b11467a566d2289abb71a5ef6f1cc526b66f850c23cdb59eec0a18 7375e87ffafba2d6adb40de24f3181a52dda67b9f873ddf290e8d6de8c8a293b
EXPORTER_SECRET fb0cd9a683b11467a566d2289abb71a5ef6f1cc526b66f850c23cdb59eec0a18 864f5453763ef63add7182e71f12eda8d2a96d5e7465ce6aea95677d3af26505
CLIENT_HANDSHAKE_TRAFFIC_SECRET 6404462339952519fd69cdbe7d7fcaaba664f3475564158ed2abca6a80994022 7634b75a41613308db61036a9298089f118515f450f6e6c2e989c12fb7681bf0
SERVER_HANDSHAKE_TRAFFIC_SECRET 6404462339952519fd69cdbe7d7fcaaba664f3475564158ed2abca6a80994022 c4800e06f681849c1fdaca787075315268b3021097189ba968ab8d2de464ece9
CLIENT_HANDSHAKE_TRAFFIC_SECRET cdb98a7098aa767148c86401d109ef628a3b97ed4149fc49c1a90ece7ee7a4bd 728a4307b95896182322a62388cda834f6cb911a564504c04c94ac262bd7e137
SERVER_HANDSHAKE_TRAFFIC_SECRET cdb98a7098aa767148c86401d109ef628a3b97ed4149fc49c1a90ece7ee7a4bd c8f803ff5c1e1e2672d58fc83c69b65b8c0fa0894169b1f97a13ea9a482f651e
CLIENT_TRAFFIC_SECRET_0 cdb98a7098aa767148c86401d109ef628a3b97ed4149fc49c1a90ece7ee7a4bd 28cc478623ca1061f7a58c65e8229be4fc0b1c1aa680b51a4158d485f5f24b8c
SERVER_TRAFFIC_SECRET_0 cdb98a7098aa767148c86401d109ef628a3b97ed4149fc49c1a90ece7ee7a4bd e7d041df97696700d922383c06507dde1bdee517f38de4481693b92d06e01d71
EXPORTER_SECRET cdb98a7098aa767148c86401d109ef628a3b97ed4149fc49c1a90ece7ee7a4bd af8fb27119dab398e32c2edb07c4c5ed9c1b4057eba1e3287e76c2d3941e92d8
CLIENT_TRAFFIC_SECRET_0 6404462339952519fd69cdbe7d7fcaaba664f3475564158ed2abca6a80994022 60a9821cb7ed54150a5a4121851bdd490a754ad4d666598891dde400631fcfc3
SERVER_TRAFFIC_SECRET_0 6404462339952519fd69cdbe7d7fcaaba664f3475564158ed2abca6a80994022 050623a71a95c0bdda1ac5b5e9782975bc4f7fd7f8006223b84ea0fb63ce8540
EXPORTER_SECRET 6404462339952519fd69cdbe7d7fcaaba664f3475564158ed2abca6a80994022 d7a7f145102312450edfa6e9bd8305afce2756ef4df68b6ad4a034e58579e590
CLIENT_HANDSHAKE_TRAFFIC_SECRET db77836493ba030ef599d9ad8646e1250391c086e54ad94dba8e8788269f9428 b238461f65d8142446ede54232713e9d919bd044854400ef8d8f1fc866714e4d
SERVER_HANDSHAKE_TRAFFIC_SECRET db77836493ba030ef599d9ad8646e1250391c086e54ad94dba8e8788269f9428 d0385200324d155c80e7eca9d7f00563b3cb1fe2ed8c5c87053af2309faeaa67
CLIENT_TRAFFIC_SECRET_0 db77836493ba030ef599d9ad8646e1250391c086e54ad94dba8e8788269f9428 91caec48964c9fb523cd3df7b023eba9479248a60b4838f9a45f77d18a0a07ac
SERVER_TRAFFIC_SECRET_0 db77836493ba030ef599d9ad8646e1250391c086e54ad94dba8e8788269f9428 1a4b0fa0ab560a272db2c2dcf90a92d889eaa6df98b438d810b02c6c32ff6a43
EXPORTER_SECRET db77836493ba030ef599d9ad8646e1250391c086e54ad94dba8e8788269f9428 0db743847c476dc29e9b6d7d692a9a3c00fcdd76a2a0c058a89505d8a0bc83d8
CLIENT_EARLY_TRAFFIC_SECRET cad5a953c6e4763fe6c0bbefaad6cbc5959dd3dc7dd104c911826b42ed2a4941 514320ce73521c980c7792a9f01f2d06199be2ac45dd8039f52fe267504b6d2b
CLIENT_HANDSHAKE_TRAFFIC_SECRET cad5a953c6e4763fe6c0bbefaad6cbc5959dd3dc7dd104c911826b42ed2a4941 32329a6a15fc7faa36d78894b5609d981d2e42e0158f12b730f25650582d7c1c
SERVER_HANDSHAKE_TRAFFIC_SECRET cad5a953c6e4763fe6c0bbefaad6cbc5959dd3dc7dd104c911826b42ed2a4941 50883797bd0016bae3deada46e316bb08373b110102ecede082b6e4deac49f2a
CLIENT_TRAFFIC_SECRET_0 cad5a953c6e4763fe6c0bbefaad6cbc5959dd3dc7dd104c911826b42ed2a4941 b91323d69b016785db606c2d6d0310c4e327c14ff0ea72e88d34092479686312
SERVER_TRAFFIC_SECRET_0 cad5a953c6e4763fe6c0bbefaad6cbc5959dd3dc7dd104c911826b42ed2a4941 8269893aa986b6547f322b2ff1799bdb3c8b9c2ae0049dd11540b00fcc5682d5
EXPORTER_SECRET cad5a953c6e4763fe6c0bbefaad6cbc5959dd3dc7dd104c911826b42ed2a4941 1781db84ef0a2f88164f40cb1611a7ef967f07dade4b702cf94d371b91498666
CLIENT_HANDSHAKE_TRAFFIC_SECRET 45f1c8531aaaf1a363181489bf9c4d21fbee5ac549aa4d8641c23afcd3eb480e cda4b977af70061892501c2e7cd9d9caa206cb73caf0b6c27a175e4c01716fb0
SERVER_HANDSHAKE_TRAFFIC_SECRET 45f1c8531aaaf1a363181489bf9c4d21fbee5ac549aa4d8641c23afcd3eb480e a52fd140697578c8ddea0e22716607eab9099456b2cad93512319351923f8961
CLIENT_TRAFFIC_SECRET_0 45f1c8531aaaf1a363181489bf9c4d21fbee5ac549aa4d8641c23afcd3eb480e 9029809a48bc0f96f887d3f271ef3f493a37988f2b114a829fb2158f39f97479
SERVER_TRAFFIC_SECRET_0 45f1c8531aaaf1a363181489bf9c4d21fbee5ac549aa4d8641c23afcd3eb480e a8f736942a8a9cb51e3e96de9767ebd6f816ef6da0e2a0adc7107bac5f33663c
EXPORTER_SECRET 45f1c8531aaaf1a363181489bf9c4d21fbee5ac549aa4d8641c23afcd3eb480e 562609e6ecd95bbd8edfed75230df00f4f7accbefb4f0383d68939cbc6ce01a6
CLIENT_HANDSHAKE_TRAFFIC_SECRET fb29a24add479e4c7eb204a8c53f70e4ce77d326c07d89a2f8f971ed1957a3d1 7510dda874b563b457ba23180892537fd9addb8a36eda5cc563770f6f3b539d1e0d4a2dad4c1c8038f8d4181b565b72f
SERVER_HANDSHAKE_TRAFFIC_SECRET fb29a24add479e4c7eb204a8c53f70e4ce77d326c07d89a2f8f971ed1957a3d1 d30614591d0a3e07b81f343f3149a271fef7ed763f1708c7f406f0ebb48408d110f0dbfcd46a73b8ae3ae232a6dd1a9a
CLIENT_HANDSHAKE_TRAFFIC_SECRET aa2f0dc4daad4c476598f6e2a84a359a29a45ad2c63466152d100989b1afcef4 b457c762b539e1293d2f6cfd702976530cf5852440f4be790369135eec38bc888f720a07770edb7026fe5d2490481c74
SERVER_HANDSHAKE_TRAFFIC_SECRET aa2f0dc4daad4c476598f6e2a84a359a29a45ad2c63466152d100989b1afcef4 99c3d5d0941ca034eeddae274167aa29cd5acec79408a0f93b268374f727dbe51952927a1f84bec624ac2908e6e026a2
CLIENT_TRAFFIC_SECRET_0 aa2f0dc4daad4c476598f6e2a84a359a29a45ad2c63466152d100989b1afcef4 43170831ecd080ca1c884d276e85fe59a7578551d7a77c3b9c9b9a6f8f228a1009ab61722d270137c14af58bdea38636
SERVER_TRAFFIC_SECRET_0 aa2f0dc4daad4c476598f6e2a84a359a29a45ad2c63466152d100989b1afcef4 31869ad90c6e8f6f474fc360d1d62c093b78d5612ea1ebce01ac33481e79f78b9097d4c2d6bc4ef3af6aa58060556c1f
EXPORTER_SECRET aa2f0dc4daad4c476598f6e2a84a359a29a45ad2c63466152d100989b1afcef4 3cb6e9a02fd4cfafa7072b6689b0c979ba1c4d2c924823d4be5b1f8e64c5ba42a99351b7bb3acce5eefd48d4aa5ba263
CLIENT_HANDSHAKE_TRAFFIC_SECRET 44ee4d4e54c42a2881e9a8a8354220e2850571c0d929a57fc24e12b71cfa01cc 6b5168d63edfdb53fb035df90c84618abf773c6bc780bb1869267a5477f6269770c95561cc8aa65ec7d9f15d1e3a36fe
SERVER_HANDSHAKE_TRAFFIC_SECRET 44ee4d4e54c42a2881e9a8a8354220e2850571c0d929a57fc24e12b71cfa01cc 1ce1ce5ecc35f2e36758cbc54bcc8bc6ae0fd291dbd159b3802617980bddd1389679a3df4da4b5cbe53959b52b578eb5
CLIENT_HANDSHAKE_TRAFFIC_SECRET e66e4fbb27f7ab0d264d86e4b097c40eea9946841939c0384ab2a265bff33d3d 7a3341b6d4192772b7127bec355d94ff754709d80e32099e19200252d0ed8bb3469bc393c16879518044e54438376196
SERVER_HANDSHAKE_TRAFFIC_SECRET e66e4fbb27f7ab0d264d86e4b097c40eea9946841939c0384ab2a265bff33d3d e65d396b49716beb7a184b2a2d80fe819eb24ce8b4fdaaa84c3378655b5d61aab84dbc9a02d902a8a214f9cb2e6df76e
CLIENT_HANDSHAKE_TRAFFIC_SECRET 5f46ae71a65d5e741c91069739798a3f291d0a9feef9b622fcd22d0350157d1c 89eb7d86b0e52fd2aea5ebb3a7a311b0b88047c624fbcb0f337d70676a7cea99
SERVER_HANDSHAKE_TRAFFIC_SECRET 5f46ae71a65d5e741c91069739798a3f291d0a9feef9b622fcd22d0350157d1c 74fc35313e0ca5e678cd1929b64d4035dd5027cc0658150b15997b639c8c93bc
CLIENT_HANDSHAKE_TRAFFIC_SECRET 4cd8da06281767d2dfe1718d526264526086319ed299b519502ebdecb379da8f eb3a3730bc0c835f751673f435a104262de3378a6a12f0f00c47914b3964a205988024e5f0e89571440f1dbd9453c4d8
SERVER_HANDSHAKE_TRAFFIC_SECRET 4cd8da06281767d2dfe1718d526264526086319ed299b519502ebdecb379da8f 91f27cf67005b4422e4e4cfd248fb909999a55bb05c3f6121e5b5f4a6b5f1fd30b7e79db79762496f048ffe7addcb31e
CLIENT_TRAFFIC_SECRET_0 4cd8da06281767d2dfe1718d526264526086319ed299b519502ebdecb379da8f 9430ddc63ee0d36e4582c4af1c17d6407ffcea3d2c281437995b7bba652e80a48a5b3c40585dadb995e82e4687d40699
SERVER_TRAFFIC_SECRET_0 4cd8da06281767d2dfe1718d526264526086319ed299b519502ebdecb379da8f 9d201289fac6d2481b071b8606377c7f58fddd878c4da10bb7b7a9bd711da9e976ef9fecc121dbb3312dbdab83e34ada
EXPORTER_SECRET 4cd8da06281767d2dfe1718d526264526086319ed299b519502ebdecb379da8f 1a0036183b18b1d36c5fd4206d42e6f95a8bfff6b7bcead85c0b7c09ed595381e03d8b13004bc6eb38e338ace1288e4b
CLIENT_HANDSHAKE_TRAFFIC_SECRET 24f83da629b16f2c8b901915bbdc07bf6747b1042c42907e4de9e3c7e281dec3 398a4521f25e69320625a77169cb2c6802c5c56f021d727bebd8602d8b1bdb184520b6927fb2d1ae90b769fe6feb2e50
SERVER_HANDSHAKE_TRAFFIC_SECRET 24f83da629b16f2c8b901915bbdc07bf6747b1042c42907e4de9e3c7e281dec3 99475d898ed22b6d9c63af01581e5a6d1551428cc62646b8ffc8f866a921773f125294bde76f55a6e1ddd4a3b500ee74
CLIENT_TRAFFIC_SECRET_0 24f83da629b16f2c8b901915bbdc07bf6747b1042c42907e4de9e3c7e281dec3 ea679ba5d4d886244f20f12b3bff55cebb5d7752f8f081f774e408bbcffdd0fa4bc5c7dd5780ae5e9c9d80ce7584770c
SERVER_TRAFFIC_SECRET_0 24f83da629b16f2c8b901915bbdc07bf6747b1042c42907e4de9e3c7e281dec3 6307d9e8b612f12877016e0a2b9775ad3b3e203b8c63423168a7a5321a81c0778a0df4d997210364576b7d72b7521cf8
EXPORTER_SECRET 24f83da629b16f2c8b901915bbdc07bf6747b1042c42907e4de9e3c7e281dec3 bb73e7fe2adad99df3ef6e005fec12dad742842bbdafbcbf2b0ae220524db9d177e86482f2292aa25d36c12a5f5f4b8b
CLIENT_TRAFFIC_SECRET_0 5f46ae71a65d5e741c91069739798a3f291d0a9feef9b622fcd22d0350157d1c 4ed32cca106b88601e3661c36b1b1b58b0e95ce718bcc2b071bc1f1ade643378
SERVER_TRAFFIC_SECRET_0 5f46ae71a65d5e741c91069739798a3f291d0a9feef9b622fcd22d0350157d1c 7b31932e191b584c5f34ef7530e7e25b7bea95efbe47409fbd79b0b6df5eb02b
EXPORTER_SECRET 5f46ae71a65d5e741c91069739798a3f291d0a9feef9b622fcd22d0350157d1c d675a62d4968d1e86e8b882eb2d9b3d5a0d6ffa97a0384d0f23607719ed1643d
CLIENT_HANDSHAKE_TRAFFIC_SECRET c1eb479dc1b644cc864a42bf02d46c766e746638f5026bc70a0d2401e9cb790d c0a1ad9ed2b41ce0d783381d9762b8a9d8b2423db7daf2a1daaf29ecf7c2a38d
SERVER_HANDSHAKE_TRAFFIC_SECRET c1eb479dc1b644cc864a42bf02d46c766e746638f5026bc70a0d2401e9cb790d ff4dc320900f84ed122873681e46d8c1c8bddf5fd0557a102406ec83c99026f8
CLIENT_TRAFFIC_SECRET_0 c1eb479dc1b644cc864a42bf02d46c766e746638f5026bc70a0d2401e9cb790d 1903ad2ebdbcb0ebbc484cc5d70f28cfea379c22ea6e483c9d24bba3da122c24
SERVER_TRAFFIC_SECRET_0 c1eb479dc1b644cc864a42bf02d46c766e746638f5026bc70a0d2401e9cb790d 6c4140129c43535f965ed3160c547d9f5fe340492c2b5e4abb723648a9b5b0b3
EXPORTER_SECRET c1eb479dc1b644cc864a42bf02d46c766e746638f5026bc70a0d2401e9cb790d c22866f6f460671a4ff70a4c2e1b0cc63bbe54f2d33b6589b2e5f41a3c229b0d
CLIENT_HANDSHAKE_TRAFFIC_SECRET f479a2655341d867239e7c121910f0e70710c6431e9b14081c181412ec2f2f40 8545de8084016f86ded76a9f070c48609b7d17a7bedfb834bbb3e627e1b45027aa18a7a1c0a366ece7cd6af507e265f2
SERVER_HANDSHAKE_TRAFFIC_SECRET f479a2655341d867239e7c121910f0e70710c6431e9b14081c181412ec2f2f40 0d5c15bf94ec61c2db36792a3fa7bc827ff79c9ab7cdd1263ed13289c0b339f74d5193559662cfe9b3e492f4ffa22778
CLIENT_HANDSHAKE_TRAFFIC_SECRET c5f9ebc9ae2a22604b6c36fe8f05e285e0e26ff9538ec9a6daa48e78b8f41932 2928ac1176dd39aeba423e5a730c118cb135af30527889bdbe00ee5de3c6fda1db0b0ee1245e5e00fd0d7bb324983837
SERVER_HANDSHAKE_TRAFFIC_SECRET c5f9ebc9ae2a22604b6c36fe8f05e285e0e26ff9538ec9a6daa48e78b8f41932 a236a21bc142b3b8f0445fdfd2f64bdcead12fe1dfdeb1093a53966b9a5483a5860280c705eeebcaa8985c981e6b8043
CLIENT_HANDSHAKE_TRAFFIC_SECRET 5839fa69b2b85c999ff2f113738f418eea97ac68d7867e9b827b2dac6bb5d3e0 c9b4c9e057acffe6ddd8b81d0c069e4a7844ecec31d0016202648206dea6e564
SERVER_HANDSHAKE_TRAFFIC_SECRET 5839fa69b2b85c999ff2f113738f418eea97ac68d7867e9b827b2dac6bb5d3e0 faf0357024c5088eb2aee0117d38fae55687543b56d99e5227b0cb217dbe72b6
CLIENT_TRAFFIC_SECRET_0 5839fa69b2b85c999ff2f113738f418eea97ac68d7867e9b827b2dac6bb5d3e0 ecc317ef234cc47ac08832b45a72c76f0f3d80b84b2f101c596f34bb836fdfef
SERVER_TRAFFIC_SECRET_0 5839fa69b2b85c999ff2f113738f418eea97ac68d7867e9b827b2dac6bb5d3e0 6ec12a1fd4483c1bd7b1994a8f6e9b5101222ea399cda4c9339b40663bed2ad2
EXPORTER_SECRET 5839fa69b2b85c999ff2f113738f418eea97ac68d7867e9b827b2dac6bb5d3e0 25e507056b7dc051571af5be9c3c68b0640c07a32f4281b3a3d7bce8955540c6
